Location,BHK,Address,Rent Price,Gym Available,Parking Available,Area
Vikhroli,1,"357, Road B, Vikhroli East",83836,No,No,1426
Virar,3,"336, Road B, Virar East",21972,Yes,No,1759
Dundare,1,"440, Road B, Dundare East",53755,No,No,1160
Mulund West,3,"662, Road E, Mulund West East",75281,No,No,1594
Navade,4,"191, Road B, Navade East",31199,No,No,1430
Nilje Gaon,3,"323, Road B, Nilje Gaon East",70957,No,Yes,1395
Sanpada,2,"551, Road C, Sanpada East",46233,Yes,No,1344
Fort,2,"856, Road D, Fort East",5804,No,No,1938
Badlapur East,1,"433, Road C, Badlapur East East",74401,No,Yes,421
Kanjurmarg,3,"814, Road A, Kanjurmarg East",70323,No,No,766
Worli,1,"815, Road B, Worli East",16735,No,Yes,1538
Nahur East,1,"679, Road C, Nahur East East",40987,No,Yes,630
Vikhroli,1,"964, Road E, Vikhroli East",92307,Yes,Yes,1782
Juhu,2,"101, Road A, Juhu East",61906,Yes,Yes,387
Titwala,3,"745, Road B, Titwala East",65312,No,Yes,1696
Ambernath East,3,"382, Road C, Ambernath East East",51294,No,Yes,1423
Santacruz West,2,"462, Road B, Santacruz West East",86042,Yes,No,1171
Kanjurmarg,4,"302, Road D, Kanjurmarg East",68730,No,Yes,1987
Kamathipura,3,"991, Road D, Kamathipura East",24179,No,No,430
Goregaon East,3,"450, Road D, Goregaon East East",57632,Yes,No,1985
Vangani,3,"817, Road A, Vangani East",82005,Yes,Yes,1632
Nala Sopara,4,"255, Road D, Nala Sopara East",66018,No,Yes,1069
Sanpada,4,"470, Road B, Sanpada East",67363,Yes,Yes,643
Mulund West,2,"459, Road C, Mulund West East",98148,No,Yes,1815
LBS Marg,3,"605, Road E, LBS Marg East",61583,Yes,Yes,1737
Borivali East,2,"734, Road E, Borivali East East",37490,Yes,No,1105
Mahim,4,"706, Road D, Mahim East",30685,No,Yes,685
Goregaon West,3,"488, Road C, Goregaon West East",48256,Yes,Yes,1515
Bhandup West,3,"959, Road E, Bhandup West East",42955,Yes,No,1255
Byculla,3,"200, Road C, Byculla East",69414,No,No,576
Kamothe,2,"591, Road D, Kamothe East",93171,No,No,1484
Andheri West,4,"385, Road E, Andheri West East",65507,No,Yes,759
Wadala,4,"523, Road A, Wadala East",83158,No,Yes,1637
Panvel,2,"123, Road C, Panvel",34919,Yes,No,321
Kalyan West,4,"615, Road E, Kalyan West East",98969,No,Yes,552
Borivali West,1,"991, Road E, Borivali West East",62857,No,No,1047
Santacruz West,1,"208, Road A, Santacruz West East",96505,No,Yes,1156
Juhu,1,"222, Road C, Juhu East",80953,Yes,No,1884
Vasai,2,"611, Road B, Vasai East",98494,Yes,No,774
Vasind,4,"512, Road B, Vasind East",73134,Yes,No,1382
Umroli,4,"155, Road E, Umroli East",18212,No,Yes,810
Agripada,3,"739, Road A, Agripada East",61985,Yes,No,1799
Borivali West,4,"526, Road C, Borivali West East",8151,No,Yes,999
Dombivali,1,"697, Road A, Dombivali East",31111,Yes,No,1275
Jogeshwari West,4,"795, Road E, Jogeshwari West East",9634,Yes,No,489
Badlapur West,3,"974, Road C, Badlapur West East",31037,Yes,No,1257
Vasai,1,"231, Road D, Vasai East",71893,No,No,986
Koproli,2,"615, Road A, Koproli East",73253,No,Yes,1257
Ulwe,2,"936, Road B, Ulwe East",78386,No,No,862
Jogeshwari West,2,"307, Road E, Jogeshwari West East",9598,No,No,1890
Vikroli East,3,"186, Road B, Vikroli East East",46997,No,No,1567
Palava,4,"519, Road D, Palava East",84577,Yes,No,1131
Nerul,1,"933, Road A, Nerul East",69588,No,Yes,1828
Rasayani,2,"154, Road D, Rasayani East",28258,Yes,No,1454
Karjat,2,"420, Road B, Karjat East",14539,No,No,1808
Usarghar Gaon,3,"958, Road A, Usarghar Gaon East",52653,Yes,No,946
Anjurdive,4,"790, Road C, Anjurdive East",41074,No,Yes,320
Bhayandar East,4,"350, Road A, Bhayandar East East",86162,No,Yes,1140
Koper Khairane,4,"295, Road D, Koper Khairane East",70744,Yes,No,466
Virar,2,"990, Road C, Virar East",20105,Yes,No,1597
Dadar East,2,"763, Road D, Dadar East East",31501,Yes,Yes,687
Borivali East,2,"773, Road A, Borivali East East",33266,No,No,900
Boisar,4,"402, Road A, Boisar East",46256,Yes,Yes,615
Diva,4,"434, Road B, Diva East",57486,Yes,No,313
Koproli,4,"628, Road B, Koproli East",97933,No,No,541
Vasai,4,"113, Road D, Vasai East",79441,Yes,Yes,1076
Vikhroli,2,"466, Road A, Vikhroli East",81852,No,No,1669
LBS Marg,4,"609, Road E, LBS Marg East",99430,No,No,864
Mazgaon,4,"157, Road E, Mazgaon East",58056,No,Yes,1197
Bhandup West,3,"371, Road C, Bhandup West East",11826,No,No,1663
Thane West,3,"854, Road E, Thane West East",46957,Yes,No,391
Taloja,3,"686, Road B, Taloja East",31304,Yes,No,1690
Jogeshwari East,3,"452, Road C, Jogeshwari East East",34603,No,No,1255
Fort,4,"114, Road D, Fort East",50472,Yes,No,1778
Kamathipura,1,"292, Road B, Kamathipura East",59527,Yes,No,1751
Palava,2,"423, Road B, Palava East",5464,Yes,No,808
Badlapur East,3,"432, Road C, Badlapur East East",52516,Yes,No,1075
Nerul,1,"346, Road C, Nerul East",58889,Yes,Yes,334
Dronagiri,4,"363, Road B, Dronagiri East",71007,Yes,No,505
Deonar,2,"889, Road D, Deonar East",90086,Yes,No,1404
Shil Phata,4,"732, Road A, Shil Phata East",73182,Yes,No,1885
Malad West,4,"903, Road D, Malad West East",21133,No,No,1711
Seawoods,1,"150, Road B, Seawoods East",58559,No,Yes,1325
Vikroli East,3,"964, Road A, Vikroli East East",76046,Yes,No,1321
Kamothe,1,"550, Road B, Kamothe East",49615,No,Yes,1713
Kasheli,2,"117, Road A, Kasheli East",5622,No,No,865
Ghansoli,3,"809, Road E, Ghansoli East",6868,Yes,Yes,1429
Kamathipura,2,"677, Road C, Kamathipura East",40614,Yes,Yes,1800
Kandivali West,3,"400, Road D, Kandivali West East",85313,No,Yes,1002
Agripada,1,"923, Road B, Agripada East",67335,Yes,No,701
Goregaon East,4,"544, Road E, Goregaon East East",36283,Yes,Yes,1029
Kandivali East,4,"432, Road B, Kandivali East East",43300,No,No,1879
Chembur,4,"527, Road E, Chembur East",55136,No,Yes,461
Vangani,2,"739, Road E, Vangani East",29564,No,No,501
Ambernath West,4,"123, Road B, Ambernath West East",37354,No,Yes,1295
Seawoods,1,"989, Road B, Seawoods East",31755,No,No,569
Bandra West,2,"367, Road B, Bandra West East",53281,No,No,1115
Byculla,4,"192, Road C, Byculla East",84049,Yes,No,1594
Bhayandar West,4,"932, Road C, Bhayandar West East",42161,Yes,Yes,755
Ghatkopar East,2,"470, Road C, Ghatkopar East East",51282,Yes,No,1785
Navade,1,"880, Road D, Navade East",8937,Yes,No,1575
Ulhasnagar,1,"735, Road C, Ulhasnagar East",34993,Yes,No,1316
Fort,1,"549, Road D, Fort East",24638,Yes,No,595
Khar West,2,"225, Road E, Khar West East",78215,Yes,No,1019
Sanpada,4,"242, Road D, Sanpada East",49219,No,Yes,637
Kandivali West,2,"807, Road A, Kandivali West East",18341,Yes,No,1178
Bhandup West,4,"587, Road C, Bhandup West East",67951,Yes,Yes,1376
Vikroli East,2,"645, Road E, Vikroli East East",41953,No,No,1091
Bandra West,3,"434, Road C, Bandra West East",76816,No,No,516
Sion,4,"131, Road D, Sion East",6251,No,No,1063
Bandra West,2,"982, Road D, Bandra West East",36527,No,Yes,487
Khopoli,2,"938, Road A, Khopoli East",19923,Yes,No,679
Wada,2,"209, Road C, Wada East",18720,Yes,No,792
Airoli,2,"691, Road E, Airoli East",55191,Yes,No,1364
Sion,1,"446, Road A, Sion East",41078,No,No,1480
Rasayani,3,"847, Road A, Rasayani East",11302,No,Yes,314
Goregaon East,2,"927, Road A, Goregaon East East",31738,Yes,Yes,364
Cuffe Parade,4,"553, Road D, Cuffe Parade East",13141,Yes,Yes,820
Andheri East,2,"122, Road A, Andheri East East",10891,No,Yes,1667
Kalwa,1,"401, Road A, Kalwa East",98540,Yes,Yes,1452
Mira Road East,1,"968, Road C, Mira Road East East",25778,No,No,947
Kanjurmarg,3,"995, Road B, Kanjurmarg East",48518,Yes,Yes,1795
Lower Parel,4,"882, Road E, Lower Parel",89407,Yes,Yes,1386
Wada,4,"777, Road A, Wada East",57911,Yes,No,1462
Shil Phata,2,"730, Road B, Shil Phata East",49579,Yes,No,1822
Bhiwandi,1,"320, Road B, Bhiwandi East",14444,Yes,No,892
Ghatkopar East,4,"375, Road A, Ghatkopar East East",7995,No,No,691
Kanjurmarg,4,"948, Road D, Kanjurmarg East",72599,Yes,Yes,1998
Santacruz West,4,"311, Road A, Santacruz West East",51060,No,No,718
Peddar Road,2,"152, Road D, Peddar Road East",6337,Yes,No,588
Airoli,1,"715, Road C, Airoli East",22558,No,No,678
Shahapur,4,"795, Road C, Shahapur East",44589,Yes,Yes,1813
Usarghar Gaon,1,"744, Road C, Usarghar Gaon East",38491,No,Yes,530
Andheri East,1,"205, Road D, Andheri East East",6879,Yes,No,1317
Dadar East,3,"892, Road C, Dadar East East",49568,No,Yes,340
Kandivali East,1,"883, Road A, Kandivali East East",78216,Yes,No,1351
Usarghar Gaon,1,"289, Road E, Usarghar Gaon East",28820,No,No,434
Dronagiri,3,"132, Road D, Dronagiri East",27442,No,Yes,500
Deonar,2,"145, Road D, Deonar East",63761,No,No,1079
Diva,3,"626, Road A, Diva East",61692,No,No,1229
Wadala,1,"368, Road E, Wadala East",54242,Yes,No,1356
Shahapur,4,"660, Road E, Shahapur East",33380,No,Yes,1371
Karjat,2,"104, Road C, Karjat East",67414,Yes,Yes,802
Nalasopara East,2,"292, Road C, Nalasopara East East",79057,No,No,706
Ghatkopar West,1,"348, Road C, Ghatkopar West East",89898,Yes,Yes,1897
Ulwe,3,"537, Road B, Ulwe East",69283,No,Yes,1104
Mazagaon,2,"824, Road A, Mazagaon East",44252,Yes,No,398
Kalyan East,1,"921, Road D, Kalyan East East",99877,Yes,Yes,983
Mahim,2,"365, Road C, Mahim East",14485,Yes,Yes,1025
Girgaon,3,"119, Road E, Girgaon East",65308,No,Yes,1870
Seawoods,1,"422, Road E, Seawoods East",10615,Yes,Yes,1260
Ulwe,4,"226, Road E, Ulwe East",71201,No,Yes,912
Wada,1,"490, Road E, Wada East",67032,Yes,No,1785
Nala Sopara,1,"312, Road E, Nala Sopara East",69682,No,Yes,942
Ambernath East,2,"331, Road B, Ambernath East East",82538,Yes,Yes,1328
Madanpura,2,"105, Road E, Madanpura East",46252,Yes,Yes,1541
Ghansoli,3,"651, Road B, Ghansoli East",75386,No,No,802
Bhayandar West,2,"317, Road D, Bhayandar West East",12447,No,No,1066
Jogeshwari East,1,"534, Road A, Jogeshwari East East",62898,No,Yes,697
Vikhroli,3,"408, Road E, Vikhroli East",19246,Yes,No,1170
Dadar West,4,"953, Road D, Dadar West East",22324,Yes,No,1094
Bhandup West,3,"599, Road E, Bhandup West East",75754,No,No,692
Taloja,1,"591, Road D, Taloja East",84162,No,Yes,506
Bhiwandi,3,"436, Road C, Bhiwandi East",78122,No,Yes,1338
Mazagaon,1,"819, Road C, Mazagaon East",94210,Yes,No,1877
Fort,1,"325, Road D, Fort East",81721,No,No,1191
Peddar Road,3,"548, Road B, Peddar Road East",29476,Yes,No,1784
Boisar,3,"387, Road D, Boisar East",36002,Yes,No,1898
Jogeshwari East,4,"273, Road E, Jogeshwari East East",64815,No,No,1163
Sion,2,"392, Road E, Sion East",10614,No,Yes,1042
Vasai east,1,"593, Road B, Vasai east East",25975,Yes,Yes,1564
Jogeshwari East,3,"391, Road D, Jogeshwari East East",74724,Yes,Yes,863
Vikhroli,1,"752, Road A, Vikhroli East",75961,No,No,1320
Dadar West,1,"185, Road E, Dadar West East",83304,Yes,No,395
Seawoods,3,"840, Road D, Seawoods East",86547,No,No,784
Shil Phata,4,"148, Road E, Shil Phata East",44961,No,No,1730
Napeansea Road,4,"179, Road E, Napeansea Road East",66928,No,No,530
Goregaon East,1,"460, Road B, Goregaon East East",32257,Yes,No,1048
Malad East,1,"758, Road A, Malad East East",68928,Yes,No,1978
Dahisar,3,"429, Road D, Dahisar East",54102,Yes,No,1494
Andheri East,2,"528, Road C, Andheri East East",97606,No,Yes,840
Vasai east,1,"499, Road B, Vasai east East",83465,No,No,1359
Dahisar,3,"618, Road E, Dahisar East",24628,No,Yes,824
Virar,2,"631, Road B, Virar East",42481,Yes,No,1483
Kamathipura,3,"971, Road E, Kamathipura East",97482,Yes,No,1566
Bhandup West,3,"870, Road A, Bhandup West East",6880,Yes,Yes,1409
Prabhadevi,1,"327, Road D, Prabhadevi East",77303,Yes,No,877
Bhiwandi,3,"715, Road D, Bhiwandi East",8534,No,Yes,981
Koper Khairane,4,"425, Road C, Koper Khairane East",55560,No,No,856
Dundare,2,"194, Road E, Dundare East",16923,Yes,No,1897
Khar West,2,"178, Road A, Khar West East",79654,No,No,1312
Kurla,3,"978, Road B, Kurla East",87308,No,Yes,945
Vasai,2,"445, Road D, Vasai East",22726,Yes,No,1095
Palghar,2,"328, Road B, Palghar East",78295,Yes,No,1351
Ville Parle East,1,"454, Road C, Ville Parle East East",33521,No,Yes,1943
Bandra Kurla Complex,2,"514, Road C, Bandra Kurla Complex East",12673,Yes,Yes,1879
Dundare,2,"350, Road C, Dundare East",9911,Yes,Yes,1663
Peddar Road,4,"705, Road A, Peddar Road East",90916,No,No,1654
Peddar Road,1,"689, Road D, Peddar Road East",67005,Yes,No,1963
Dahisar,4,"523, Road C, Dahisar East",90433,No,No,1829
Karanjade,2,"161, Road D, Karanjade East",79670,No,No,1671
Vangani,1,"307, Road C, Vangani East",71214,Yes,Yes,1796
Rasayani,2,"954, Road B, Rasayani East",51666,No,Yes,1554
Taloja,1,"647, Road D, Taloja East",28740,Yes,No,489
Lower Parel,4,"369, Road B, Lower Parel East",32224,Yes,No,1548
Bhayandar West,2,"360, Road C, Bhayandar West East",48438,No,No,1708
Palava,2,"435, Road C, Palava East",23747,Yes,Yes,1700
Wada,1,"437, Road C, Wada East",75759,Yes,No,1606
Vangani,4,"218, Road B, Vangani East",60789,Yes,No,932
Jogeshwari East,2,"418, Road E, Jogeshwari East East",31655,Yes,No,927
Bhayandar East,2,"150, Road B, Bhayandar East East",11941,Yes,Yes,1272
Usarghar Gaon,3,"429, Road B, Usarghar Gaon East",17875,Yes,No,1582
Koper Khairane,2,"143, Road B, Koper Khairane East",75274,Yes,Yes,1682
Mira Road East,2,"600, Road C, Mira Road East East",42237,No,No,1009
Borivali West,1,"465, Road E, Borivali West East",42032,Yes,Yes,1779
Neral,3,"153, Road E, Neral East",9831,Yes,No,1734
Neral,4,"189, Road D, Neral East",10933,Yes,Yes,948
Santacruz West,3,"624, Road C, Santacruz West East",76246,Yes,Yes,617
Ghatkopar East,1,"478, Road C, Ghatkopar East East",91580,Yes,No,2000
Nalasopara East,1,"663, Road C, Nalasopara East East",27527,No,No,1548
Deonar,4,"378, Road D, Deonar East",64678,Yes,No,1557
Diva,3,"726, Road C, Diva East",8551,Yes,No,983
Thane West,2,"798, Road E, Thane West East",9924,No,Yes,963
Malad West,2,"288, Road D, Malad West East",8629,Yes,No,1697
Goregaon West,2,"573, Road E, Goregaon West East",33097,No,No,1995
Borivali East,3,"357, Road B, Borivali East East",97608,No,Yes,1931
Sanpada,2,"794, Road E, Sanpada East",61321,Yes,Yes,1795
Ambernath East,4,"284, Road E, Ambernath East East",89160,No,Yes,1556
Mazagaon,1,"539, Road C, Mazagaon East",73465,No,Yes,1436
Kamathipura,2,"485, Road E, Kamathipura East",55782,No,No,1820
Koproli,4,"784, Road D, Koproli East",76297,Yes,Yes,741
Boisar,3,"917, Road C, Boisar East",67934,No,Yes,863
Goregaon East,2,"652, Road E, Goregaon East East",14847,No,No,1591
Kalwa,2,"324, Road E, Kalwa East",12755,No,Yes,1833
LBS Marg,2,"769, Road A, LBS Marg East",12719,Yes,Yes,1709
Boisar,4,"761, Road E, Boisar East",18773,Yes,Yes,1710
Vasai,3,"555, Road B, Vasai East",12215,No,Yes,1436
Ambernath East,2,"544, Road B, Ambernath East East",8282,Yes,No,1936
Vikroli East,2,"344, Road C, Vikroli East East",90054,No,Yes,1948
Kandivali West,2,"960, Road D, Kandivali West East",48692,No,Yes,1251
Nerul,2,"827, Road E, Nerul East",64438,Yes,Yes,1404
Worli,4,"419, Road D, Worli East",88331,No,Yes,998
Khar,3,"998, Road A, Khar East",91497,No,No,412
Kamothe,1,"441, Road B, Kamothe East",75332,No,Yes,301
Umroli,3,"158, Road B, Umroli East",41157,Yes,No,941
Ambernath West,1,"395, Road D, Ambernath West East",16665,No,Yes,519
Nahur East,4,"536, Road B, Nahur East East",73129,Yes,Yes,1889
Titwala,3,"376, Road B, Titwala East",69546,No,No,1154
Ville Parle East,4,"447, Road C, Ville Parle East East",67077,No,No,1548
Jogeshwari East,3,"604, Road D, Jogeshwari East East",97562,Yes,No,684
Vichumbe,2,"308, Road D, Vichumbe East",45540,Yes,No,1726
Goregaon East,4,"766, Road A, Goregaon East East",72874,No,No,1961
Ulhasnagar,4,"570, Road B, Ulhasnagar East",98239,Yes,No,1453
Umroli,3,"529, Road A, Umroli East",86387,No,No,1376
Goregaon West,2,"595, Road E, Goregaon West East",63575,Yes,No,1029
Koproli,2,"361, Road A, Koproli East",8667,Yes,No,1995
Bhayandar East,2,"974, Road E, Bhayandar East East",34913,Yes,Yes,1739
Goregaon East,2,"480, Road E, Goregaon East East",40642,No,No,546
Thane East,3,"276, Road B, Thane East East",64140,Yes,Yes,1135
Vikhroli,4,"716, Road E, Vikhroli East",67559,Yes,Yes,1762
Nahur East,2,"742, Road A, Nahur East East",73656,No,No,502
Mahim,3,"335, Road C, Mahim East",73110,Yes,Yes,1507
Chembur,4,"671, Road C, Chembur East",59451,Yes,No,422
Ghansoli,2,"622, Road D, Ghansoli East",37748,Yes,No,700
Dombivali,4,"286, Road E, Dombivali East",16148,Yes,Yes,1066
Bhandup West,4,"789, Road C, Bhandup West East",25965,No,No,593
Peddar Road,2,"437, Road D, Peddar Road East",13664,Yes,No,579
Virar,3,"668, Road D, Virar East",66359,Yes,No,1183
Taloja,4,"745, Road D, Taloja East",86331,Yes,No,1933
Dahisar,4,"501, Road C, Dahisar East",12673,Yes,No,497
Kalwa,3,"358, Road C, Kalwa East",96246,Yes,Yes,1281
Andheri East,2,"597, Road B, Andheri East East",31719,No,Yes,1834
Mahim,1,"249, Road C, Mahim East",41390,No,Yes,1051
Byculla,2,"394, Road A, Byculla East",85044,Yes,Yes,443
Nilje Gaon,1,"693, Road E, Nilje Gaon East",59837,Yes,Yes,908
Palava,4,"869, Road D, Palava East",13153,Yes,Yes,1524
Ghatkopar West,1,"809, Road D, Ghatkopar West East",43509,Yes,No,1447
Madanpura,4,"728, Road C, Madanpura East",93392,Yes,Yes,486
Palghar,4,"380, Road C, Palghar East",47339,Yes,Yes,1649
Kamothe,3,"250, Road C, Kamothe East",35744,Yes,Yes,763
Nerul,2,"742, Road A, Nerul East",31753,Yes,No,1672
Shahapur,3,"538, Road E, Shahapur East",48903,Yes,No,959
Nilje Gaon,2,"572, Road B, Nilje Gaon East",54271,No,No,1063
Ghatkopar East,1,"918, Road D, Ghatkopar East East",66604,Yes,No,1254
Nahur East,1,"838, Road B, Nahur East East",16047,No,No,702
Sewri,3,"250, Road D, Sewri East",68130,No,Yes,1669
Andheri East,1,"189, Road A, Andheri East East",5645,Yes,Yes,1834
Bandra Kurla Complex,2,"510, Road E, Bandra Kurla Complex East",8472,No,No,446
Dundare,3,"647, Road A, Dundare East",5201,Yes,No,1471
Nerul,2,"883, Road B, Nerul East",65370,Yes,Yes,1163
Nahur East,1,"545, Road E, Nahur East East",45140,Yes,No,788
Bandra Kurla Complex,2,"844, Road B, Bandra Kurla Complex East",6992,Yes,No,1228
Mahim,1,"438, Road E, Mahim East",45376,No,Yes,1963
Vasind,1,"586, Road B, Vasind",59793,No,No,850
Malad West,2,"973, Road C, Malad West East",21839,Yes,No,637
Kalamboli,4,"140, Road C, Kalamboli East",59490,No,Yes,1171
Kalamboli,1,"460, Road A, Kalamboli East",72108,Yes,No,940
Vasai,4,"706, Road E, Vasai East",47002,No,No,772
Kalwa,1,"629, Road A, Kalwa East",5716,No,Yes,450
Taloja,2,"816, Road C, Taloja East",71428,Yes,Yes,1738
Byculla,3,"948, Road D, Byculla East",73614,No,No,1621
Neral,1,"980, Road A, Neral East",76096,No,No,1934
Badlapur West,3,"937, Road E, Badlapur West East",30743,Yes,No,562
Byculla,4,"576, Road E, Byculla East",58139,Yes,No,443
Nala Sopara,2,"475, Road B, Nala Sopara East",31902,Yes,Yes,645
Palghar,4,"340, Road D, Palghar East",18606,Yes,No,923
Goregaon West,3,"960, Road D, Goregaon West East",18987,No,Yes,1316
Dahisar,2,"650, Road A, Dahisar East",27343,No,No,1895
Karjat,2,"608, Road D, Karjat East",10977,Yes,Yes,1180
Titwala,3,"196, Road D, Titwala East",80678,Yes,No,301
Mazgaon,2,"491, Road B, Mazgaon East",60707,No,Yes,1196
Kharghar,3,"296, Road A, Kharghar East",13904,No,No,1627
Khopoli,1,"428, Road D, Khopoli East",62418,Yes,Yes,553
Kharghar,2,"922, Road C, Kharghar East",86934,Yes,Yes,1975
Byculla,1,"505, Road C, Byculla East",8411,No,Yes,752
Vasai,1,"365, Road E, Vasai East",26448,Yes,No,1360
Peddar Road,2,"342, Road D, Peddar Road East",83093,No,Yes,1483
Madanpura,1,"550, Road D, Madanpura East",77966,Yes,Yes,1314
Mahim,4,"822, Road E, Mahim East",88579,No,No,308
Usarghar Gaon,1,"489, Road D, Usarghar Gaon East",10947,No,Yes,1556
Vichumbe,4,"767, Road B, Vichumbe East",87576,Yes,Yes,1422
Badlapur West,4,"953, Road A, Badlapur West East",37430,Yes,No,1982
Powai,2,"780, Road B, Powai East",34728,Yes,Yes,1115
Thane East,2,"342, Road E, Thane East East",65860,Yes,No,507
Andheri East,3,"742, Road D, Andheri East East",7895,No,No,1454
Madanpura,1,"478, Road D, Madanpura East",87655,No,Yes,703
Koper Khairane,4,"972, Road C, Koper Khairane East",73328,Yes,No,451
LBS Marg,1,"112, Road D, LBS Marg East",60270,Yes,No,353
Naigaon East,2,"408, Road D, Naigaon East East",72071,Yes,Yes,1443
Kalyan West,3,"390, Road A, Kalyan West East",72774,Yes,Yes,1996
Naigaon East,4,"294, Road A, Naigaon East East",52114,No,Yes,927
Ulhasnagar,1,"916, Road B, Ulhasnagar East",32722,No,Yes,886
Santacruz East,4,"378, Road A, Santacruz East East",69334,Yes,Yes,1948
Ulhasnagar,2,"360, Road B, Ulhasnagar East",48833,No,No,1743
Dahisar,3,"281, Road E, Dahisar East",44902,No,Yes,1745
Malad East,1,"846, Road C, Malad East East",76390,No,Yes,403
Badlapur West,1,"868, Road C, Badlapur West East",24172,No,No,553
Navade,1,"549, Road B, Navade East",40304,No,No,1550
Byculla,1,"212, Road B, Byculla East",72198,No,No,1435
Ulwe,4,"805, Road C, Ulwe East",83390,Yes,No,809
Seawoods,2,"352, Road E, Seawoods East",34801,No,No,1796
Shahapur,4,"637, Road B, Shahapur East",80465,Yes,No,398
Mahim,3,"644, Road B, Mahim East",6863,No,Yes,452
Nala Sopara,2,"826, Road C, Nala Sopara East",22143,Yes,Yes,1213
Dundare,2,"919, Road C, Dundare East",98160,Yes,Yes,1177
Santacruz West,2,"477, Road A, Santacruz West East",64484,No,No,637
Kalamboli,4,"474, Road E, Kalamboli East",63086,Yes,No,1121
Borivali East,3,"893, Road B, Borivali East East",92340,No,Yes,1486
Bhiwandi,4,"955, Road D, Bhiwandi East",43953,Yes,Yes,1256
Vasai east,1,"349, Road D, Vasai east East",57962,Yes,Yes,460
Dronagiri,1,"256, Road D, Dronagiri East",16878,No,No,1903
Santacruz West,4,"967, Road A, Santacruz West East",17768,No,No,1100
Nahur East,1,"189, Road A, Nahur East East",38982,Yes,No,697
Anjurdive,2,"139, Road D, Anjurdive East",54568,Yes,Yes,1600
Boisar,2,"675, Road C, Boisar East",44943,Yes,No,1115
Naigaon East,3,"601, Road C, Naigaon East East",94833,No,Yes,1827
Byculla,4,"171, Road A, Byculla East",77439,No,Yes,1715
Ghatkopar West,2,"826, Road B, Ghatkopar West East",57062,Yes,No,1458
Thane West,4,"338, Road A, Thane West East",61787,No,Yes,1518
Malad East,2,"777, Road D, Malad East East",83845,No,Yes,700
Seawoods,4,"665, Road C, Seawoods East",88948,Yes,No,939
Jogeshwari West,2,"352, Road E, Jogeshwari West East",64704,Yes,Yes,1356
Neral,2,"511, Road C, Neral East",40094,Yes,Yes,987
Madanpura,4,"847, Road E, Madanpura East",53210,No,No,759
Usarghar Gaon,1,"214, Road C, Usarghar Gaon East",46680,Yes,Yes,1254
Cuffe Parade,4,"853, Road C, Cuffe Parade East",58418,No,No,769
Thane East,4,"784, Road A, Thane East East",51094,Yes,Yes,1698
Vasind,4,"822, Road E, Vasind East",82377,Yes,Yes,1345
Nalasopara East,2,"720, Road A, Nalasopara East East",78566,Yes,No,1049
Vikhroli,2,"256, Road A, Vikhroli East",17427,No,No,1993
Badlapur East,3,"222, Road A, Badlapur East East",21151,Yes,No,337
Anjurdive,1,"505, Road B, Anjurdive East",28791,No,No,529
Badlapur East,1,"653, Road E, Badlapur East East",27386,No,No,1688
Santacruz West,2,"878, Road B, Santacruz West East",58037,Yes,Yes,862
Vasind,2,"851, Road A, Vasind East",56357,Yes,No,737
Lower Parel,1,"921, Road B, Lower Parel East",44479,Yes,Yes,1606
Mahim,4,"984, Road C, Mahim East",85251,Yes,No,326
Seawoods,3,"485, Road D, Seawoods East",26960,No,Yes,525
Nilje Gaon,1,"987, Road D, Nilje Gaon East",35843,Yes,Yes,1600
Girgaon,1,"920, Road B, Girgaon East",81424,Yes,No,1097
Andheri East,1,"589, Road D, Andheri East East",8557,No,Yes,1932
Andheri West,3,"114, Road D, Andheri West East",38074,Yes,No,583
Mazgaon,3,"910, Road D, Mazgaon East",72790,Yes,No,1178
Kalamboli,2,"517, Road B, Kalamboli East",51825,Yes,No,1259
Mazgaon,3,"470, Road C, Mazgaon East",27512,No,No,1804
Kandivali East,2,"212, Road A, Kandivali East East",7459,Yes,Yes,752
Khar West,2,"964, Road C, Khar West East",93027,No,Yes,1319
Ghatkopar East,3,"250, Road A, Ghatkopar East East",53619,No,No,1115
Bhandup West,2,"925, Road D, Bhandup West East",36439,No,No,958
Seawoods,3,"736, Road D, Seawoods East",36292,Yes,Yes,1839
Khar,2,"324, Road C, Khar East",23423,No,Yes,846
Andheri West,4,"904, Road C, Andheri West East",10265,No,No,1515
Vangani,1,"786, Road C, Vangani East",88782,No,No,1372
Titwala,2,"701, Road D, Titwala East",90461,Yes,No,1835
Sion,2,"322, Road E, Sion East",23181,No,No,316
Koproli,1,"233, Road C, Koproli East",92874,No,Yes,1495
Napeansea Road,1,"108, Road D, Napeansea Road East",65341,Yes,No,1543
Bhandup West,3,"687, Road A, Bhandup West East",19689,No,No,457
Nahur East,4,"275, Road B, Nahur East East",9676,Yes,Yes,776
Kalyan West,4,"696, Road E, Kalyan West East",12346,No,Yes,1369
Ghatkopar East,2,"230, Road B, Ghatkopar East East",24108,Yes,No,1696
Thane West,3,"230, Road E, Thane West East",45700,No,No,817
Andheri West,3,"522, Road E, Andheri West East",72948,Yes,No,398
Kasheli,2,"706, Road A, Kasheli East",49579,Yes,Yes,1360
Navade,1,"283, Road A, Navade East",72936,No,No,579
Vasai east,4,"654, Road C, Vasai east East",25920,No,No,1672
Bandra West,4,"548, Road E, Bandra West East",95209,No,No,796
Neral,3,"114, Road C, Neral East",25648,No,No,601
Chembur,2,"444, Road E, Chembur East",23265,Yes,Yes,480
Airoli,4,"446, Road A, Airoli East",48213,Yes,Yes,906
Ghatkopar East,4,"784, Road E, Ghatkopar East East",20494,No,No,1422
Mulund East,1,"863, Road B, Mulund East East",28782,No,No,999
Neral,4,"481, Road D, Neral East",38495,No,No,1292
Goregaon East,2,"663, Road C, Goregaon East East",89423,Yes,No,1439
Andheri West,4,"501, Road D, Andheri West East",95948,No,Yes,490
Karanjade,3,"809, Road D, Karanjade East",62595,Yes,No,552
Ghansoli,1,"942, Road C, Ghansoli East",31629,No,Yes,1280
Juhu,1,"369, Road B, Juhu East",51778,Yes,No,1227
Nala Sopara,3,"919, Road B, Nala Sopara East",61581,Yes,No,1484
Karanjade,1,"524, Road E, Karanjade East",5513,Yes,Yes,1579
Dadar West,2,"763, Road B, Dadar West East",27552,Yes,No,1646
Andheri East,1,"380, Road B, Andheri East East",84493,No,Yes,427
Anjurdive,4,"302, Road C, Anjurdive East",44832,Yes,No,317
Dadar East,1,"903, Road E, Dadar East East",57139,Yes,Yes,865
Bhandup West,2,"582, Road C, Bhandup West East",24162,No,No,869
Dombivali,3,"542, Road E, Dombivali",71102,Yes,No,1646
Borivali East,3,"536, Road A, Borivali East East",84581,Yes,No,985
Palghar,4,"649, Road C, Palghar East",47164,No,Yes,925
Nilje Gaon,2,"557, Road C, Nilje Gaon East",26127,Yes,No,1611
Ghansoli,3,"317, Road A, Ghansoli East",9618,Yes,No,1153
Santacruz East,2,"608, Road E, Santacruz East East",63513,No,Yes,1986
Badlapur West,3,"768, Road C, Badlapur West East",11826,Yes,Yes,1261
Andheri East,3,"653, Road B, Andheri East East",87414,Yes,Yes,1962
Bandra Kurla Complex,4,"681, Road D, Bandra Kurla Complex East",68003,No,Yes,454
Naigaon East,1,"434, Road E, Naigaon East East",43793,Yes,No,789
Ambernath East,4,"842, Road A, Ambernath East East",5188,No,Yes,1709
Naigaon East,1,"323, Road D, Naigaon East East",51628,Yes,No,1084
Jogeshwari East,4,"194, Road D, Jogeshwari East East",85319,Yes,No,1427
Dundare,4,"350, Road E, Dundare East",83993,Yes,No,1716
Nilje Gaon,4,"610, Road D, Nilje Gaon East",81523,Yes,Yes,545
Ville Parle East,4,"391, Road E, Ville Parle East East",39920,No,No,1499
Thane West,2,"412, Road E, Thane West East",27450,No,Yes,1362
Cuffe Parade,4,"107, Road A, Cuffe Parade East",80792,No,No,1800
Ambernath East,2,"753, Road E, Ambernath East East",56147,Yes,No,1058
Dombivali,2,"116, Road D, Dombivali East",38598,No,Yes,837
Matunga,3,"850, Road E, Matunga East",67192,No,No,1220
Andheri West,3,"348, Road C, Andheri West East",13310,No,Yes,707
Santacruz East,3,"665, Road A, Santacruz East East",60978,Yes,Yes,824
Santacruz East,4,"192, Road E, Santacruz East East",48617,Yes,No,1127
Byculla,3,"297, Road A, Byculla East",56041,Yes,No,1829
Vasai,1,"176, Road E, Vasai",32320,Yes,No,1202
Byculla,2,"702, Road E, Byculla East",62984,Yes,No,335
Usarghar Gaon,1,"433, Road C, Usarghar Gaon East",92590,Yes,Yes,984
Vikhroli,4,"743, Road C, Vikhroli East",33823,No,Yes,319
Kandivali West,4,"490, Road D, Kandivali West East",40894,No,Yes,620
Kasheli,3,"528, Road E, Kasheli East",31866,No,No,811
Bandra Kurla Complex,1,"920, Road D, Bandra Kurla Complex East",90127,No,No,699
Jogeshwari East,4,"905, Road B, Jogeshwari East East",55046,No,Yes,953
Karanjade,1,"502, Road D, Karanjade East",33450,No,No,1271
Bhandup West,2,"691, Road B, Bhandup West East",76527,No,Yes,770
Santacruz West,1,"291, Road E, Santacruz West East",29436,No,No,1466
Dahisar,2,"416, Road A, Dahisar East",83090,No,No,1415
Dahisar,2,"524, Road A, Dahisar East",83549,No,Yes,1677
Bhiwandi,4,"640, Road D, Bhiwandi East",77349,Yes,Yes,1133
Kurla,1,"316, Road D, Kurla East",22529,Yes,Yes,1026
Vikhroli,4,"812, Road D, Vikhroli East",71842,Yes,No,1153
Bandra West,1,"403, Road B, Bandra West East",77314,No,No,350
Malad East,4,"493, Road A, Malad East East",68676,No,Yes,1988
Lower Parel,2,"344, Road C, Lower Parel East",22757,No,Yes,874
Ghansoli,2,"471, Road C, Ghansoli East",35171,No,Yes,1513
Wada,2,"922, Road B, Wada East",53963,Yes,No,1448
Andheri West,4,"486, Road B, Andheri West East",21391,Yes,Yes,449
Ulwe,1,"874, Road E, Ulwe East",12097,Yes,No,613
Sewri,1,"405, Road E, Sewri East",17345,No,Yes,869
Dombivali,1,"481, Road C, Dombivali East",63295,Yes,No,1665
Cuffe Parade,3,"106, Road A, Cuffe Parade East",66278,Yes,No,604
Cuffe Parade,2,"883, Road C, Cuffe Parade East",79711,No,No,981
Bhandup East,2,"538, Road B, Bhandup East East",83445,No,Yes,1137
Prabhadevi,1,"516, Road C, Prabhadevi East",94465,No,Yes,1377
Ambernath West,1,"956, Road D, Ambernath West East",68742,No,Yes,1302
Powai,3,"827, Road D, Powai East",20750,Yes,Yes,743
Bhandup East,1,"561, Road E, Bhandup East East",92704,No,No,912
Vichumbe,3,"732, Road E, Vichumbe East",60092,No,Yes,1292
Dombivali,2,"333, Road C, Dombivali East",94729,Yes,No,563
Ulhasnagar,3,"716, Road D, Ulhasnagar East",76294,No,No,1376
Juhu,1,"642, Road A, Juhu East",46854,Yes,Yes,1895
Powai,4,"161, Road D, Powai East",72872,No,No,1303
Badlapur East,4,"807, Road D, Badlapur East East",10550,No,Yes,1943
Taloja,2,"388, Road E, Taloja East",84610,Yes,Yes,304
Vikhroli,4,"293, Road D, Vikhroli East",19570,No,Yes,1426
Khar,3,"213, Road B, Khar East",62331,Yes,Yes,1519
Santacruz East,4,"192, Road E, Santacruz East East",46027,Yes,Yes,1073
Mazagaon,4,"165, Road C, Mazagaon East",36741,Yes,Yes,1176
Airoli,2,"591, Road E, Airoli East",90174,No,Yes,1291
Vasai east,4,"122, Road C, Vasai east East",65050,Yes,Yes,1183
Bhayandar East,1,"241, Road C, Bhayandar East East",93386,Yes,No,1673
Ville Parle East,3,"158, Road C, Ville Parle East East",26868,Yes,Yes,346
Vikhroli,1,"220, Road E, Vikhroli East",96307,Yes,Yes,1166
Peddar Road,2,"402, Road C, Peddar Road East",64141,Yes,No,1122
Palava,1,"331, Road C, Palava East",40624,No,No,1235
Boisar,1,"505, Road B, Boisar East",,Yes,No,791
Santacruz West,3,"555, Road A, Santacruz West East",,Yes,No,1832
Juhu,2,"883, Road D, Juhu East",,Yes,Yes,1259
Matunga,2,"649, Road D, Matunga East",,Yes,No,1269
Thane East,4,"837, Road E, Thane East East",,No,No,880
Panvel,1,"753, Road D, Panvel East",,No,Yes,1076
Vangani,2,"580, Road B, Vangani East",,No,No,557
Kamathipura,3,"848, Road B, Kamathipura East",,Yes,No,1511
Kasheli,4,"460, Road E, Kasheli East",,Yes,No,529
Vangani,1,"869, Road C, Vangani East",,Yes,No,488
Dadar West,5,"860, Road A, Dadar West East",,No,No,1738
Dronagiri,3,"548, Road C, Dronagiri East",,Yes,Yes,309
Thane West,2,"934, Road D, Thane West East",,Yes,Yes,1437
Girgaon,2,"801, Road B, Girgaon East",,No,Yes,1399
Bandra Kurla Complex,3,"295, Road B, Bandra Kurla Complex East",,Yes,No,975
Girgaon,2,"410, Road C, Girgaon East",,No,Yes,801
Seawoods,4,"505, Road C, Seawoods East",,No,No,384
Mahim,1,"242, Road D, Mahim East",,Yes,No,348
Badlapur East,4,"200, Road D, Badlapur East East",,No,No,1818
Nahur East,2,"589, Road D, Nahur East East",,Yes,Yes,1137
Vikhroli,5,"338, Road A, Vikhroli East",,No,Yes,1307
Dronagiri,1,"141, Road B, Dronagiri East",,Yes,Yes,988
Vikhroli,1,"528, Road C, Vikhroli East",,No,No,686
Naigaon East,3,"257, Road B, Naigaon East East",,Yes,Yes,1269
Vasind,3,"769, Road C, Vasind East",,No,No,1712
Dahisar,5,"947, Road D, Dahisar East",,No,Yes,1305
Anjurdive,1,"625, Road A, Anjurdive East",,No,Yes,517
Kalyan East,5,"498, Road E, Kalyan East East",,Yes,No,1304
Khar,3,"774, Road B, Khar East",,Yes,No,1669
Kharghar,3,"958, Road B, Kharghar East",,No,Yes,1553
Vikhroli,1,"565, Road D, Vikhroli East",,Yes,Yes,554
Santacruz West,4,"867, Road B, Santacruz West East",,No,Yes,535
Malad West,2,"636, Road B, Malad West East",,Yes,No,1349
Neral,3,"892, Road E, Neral East",,No,No,1907
Ghansoli,3,"921, Road A, Ghansoli East",,Yes,Yes,1584
Kasheli,4,"263, Road A, Kasheli East",,No,Yes,570
Bandra West,4,"209, Road E, Bandra West East",,No,No,422
Borivali East,5,"535, Road C, Borivali East East",,No,Yes,955
Vasai east,5,"582, Road A, Vasai east East",,No,No,1580
Chembur,2,"124, Road E, Chembur East",,Yes,No,1979
Wada,2,"216, Road B, Wada East",,No,No,1744
Byculla,1,"491, Road E, Byculla East",,Yes,No,558
Santacruz West,5,"636, Road D, Santacruz West East",,Yes,No,1247
Dadar East,3,"272, Road D, Dadar East East",,No,No,346
Bandra Kurla Complex,5,"111, Road D, Bandra Kurla Complex East",,Yes,Yes,1162
Nalasopara East,3,"752, Road D, Nalasopara East East",,Yes,No,824
Jogeshwari East,4,"757, Road E, Jogeshwari East East",,Yes,No,1187
Wadala,5,"927, Road E, Wadala East",,No,Yes,507
Cuffe Parade,4,"142, Road B, Cuffe Parade East",,Yes,No,1634
Dadar West,2,"159, Road C, Dadar West East",,Yes,Yes,1046
Bandra West,2,"386, Road C, Bandra West East",,No,No,448
Usarghar Gaon,1,"616, Road C, Usarghar Gaon East",,No,Yes,737
Mulund East,5,"877, Road A, Mulund East East",,Yes,Yes,454
Napeansea Road,4,"741, Road C, Napeansea Road East",,No,No,1413
Powai,3,"789, Road E, Powai East",,Yes,No,657
Seawoods,2,"155, Road A, Seawoods East",,Yes,No,1497
Bandra West,2,"182, Road A, Bandra West East",,Yes,No,1540
Wada,3,"198, Road E, Wada East",,No,Yes,755
Santacruz West,4,"428, Road D, Santacruz West East",,Yes,Yes,1075
Girgaon,4,"289, Road C, Girgaon East",,No,Yes,1932
Girgaon,5,"362, Road D, Girgaon East",,No,No,928
Anjurdive,5,"708, Road D, Anjurdive East",,Yes,Yes,1522
Shahapur,1,"871, Road A, Shahapur East",,No,No,1131
Badlapur West,2,"200, Road D, Badlapur West East",,No,No,785
Ville Parle East,5,"919, Road E, Ville Parle East East",,No,Yes,832
Vasai,4,"919, Road D, Vasai East",,No,No,499
Napeansea Road,3,"223, Road B, Napeansea Road East",,No,Yes,670
Bandra Kurla Complex,4,"162, Road E, Bandra Kurla Complex East",,Yes,No,1313
Mahim,2,"727, Road E, Mahim East",,No,Yes,1152
Kanjurmarg,4,"582, Road C, Kanjurmarg East",,Yes,No,1771
Bandra West,1,"191, Road E, Bandra West East",,Yes,Yes,547
Ville Parle East,2,"697, Road E, Ville Parle East East",,Yes,Yes,1087
Vasind,3,"609, Road B, Vasind East",,Yes,No,563
Boisar,1,"673, Road C, Boisar East",,Yes,No,1381
Malad East,2,"504, Road E, Malad East East",,Yes,Yes,1625
Kanjurmarg,3,"749, Road B, Kanjurmarg East",,No,No,330
Vangani,1,"987, Road E, Vangani East",,No,No,1821
Dronagiri,1,"164, Road E, Dronagiri East",,No,No,1572
Dahisar,2,"312, Road B, Dahisar East",,Yes,Yes,904
Vikhroli,5,"341, Road E, Vikhroli East",,No,Yes,1594
Bandra West,1,"312, Road E, Bandra West East",,No,No,1929
Kharghar,1,"437, Road E, Kharghar East",,No,No,1989
Mulund West,3,"272, Road D, Mulund West East",,Yes,Yes,1717
Santacruz West,4,"564, Road C, Santacruz West East",,No,No,801
Goregaon West,2,"596, Road D, Goregaon West East",,Yes,Yes,1915
Kalwa,2,"494, Road E, Kalwa East",,No,No,1407
Virar,5,"407, Road E, Virar East",,Yes,No,1688
Mulund East,5,"893, Road D, Mulund East East",,Yes,No,1185
Dadar West,2,"645, Road D, Dadar West East",,Yes,Yes,848
Borivali West,5,"723, Road D, Borivali West East",,No,Yes,1665
Madanpura,3,"693, Road C, Madanpura East",,No,Yes,1138
Peddar Road,2,"844, Road E, Peddar Road East",,Yes,Yes,1730
Goregaon West,5,"535, Road E, Goregaon West East",,No,No,1748
Nahur East,2,"521, Road B, Nahur East East",,Yes,No,1416
Koper Khairane,4,"120, Road B, Koper Khairane East",,Yes,Yes,1147
Umroli,1,"496, Road A, Umroli East",,No,No,913
Vasai,2,"204, Road A, Vasai East",,No,No,711
Vasai,1,"219, Road A, Vasai East",,No,Yes,731
Malad West,5,"524, Road A, Malad West East",,Yes,No,977
Dadar East,1,"229, Road D, Dadar East East",,Yes,No,458
Palava,2,"659, Road E, Palava East",,No,Yes,313
Bandra Kurla Complex,4,"196, Road B, Bandra Kurla Complex East",,Yes,No,672
Nahur East,5,"341, Road B, Nahur East East",,No,No,524
Chembur,2,"331, Road E, Chembur East",,Yes,No,1828
Kandivali West,5,"383, Road C, Kandivali West East",,No,Yes,1396
Vasai,3,"858, Road B, Vasai East",,No,Yes,1572
Koproli,1,"875, Road C, Koproli East",,Yes,No,810
Sion,3,"825, Road A, Sion East",,No,No,902
Palava,2,"178, Road A, Palava East",,No,No,515
Nerul,4,"954, Road E, Nerul East",,Yes,Yes,1925
Wadala,5,"566, Road E, Wadala East",,No,Yes,1864
Juhu,1,"515, Road D, Juhu East",,Yes,Yes,1287
Nahur East,5,"548, Road E, Nahur East East",,No,No,1543
Malad East,2,"107, Road E, Malad East East",,Yes,No,1139
Karjat,5,"299, Road A, Karjat East",,No,No,1026
Virar,1,"186, Road C, Virar East",,No,No,1544
Bhandup East,2,"484, Road E, Bhandup East East",,No,No,1712
Matunga,5,"534, Road C, Matunga East",,No,Yes,853
Umroli,4,"763, Road A, Umroli East",,Yes,No,1970
Ghatkopar West,2,"744, Road D, Ghatkopar West East",,Yes,No,1365
Mira Road East,2,"376, Road B, Mira Road East East",,Yes,No,975
Girgaon,4,"465, Road D, Girgaon East",,Yes,Yes,1172
Fort,3,"750, Road D, Fort East",,Yes,No,582
Vasai east,1,"498, Road C, Vasai east East",,Yes,Yes,1381
Byculla,3,"490, Road C, Byculla East",,Yes,Yes,1133
Sion,5,"639, Road C, Sion East",,No,Yes,836
Girgaon,4,"590, Road B, Girgaon East",,No,Yes,1396
Vasind,3,"360, Road E, Vasind East",,No,Yes,1222
Bhandup East,2,"449, Road B, Bhandup East East",,No,No,1452
Vichumbe,5,"649, Road D, Vichumbe East",,Yes,No,1922
Sanpada,5,"436, Road A, Sanpada East",,Yes,Yes,1141
Ambernath West,3,"428, Road B, Ambernath West East",,Yes,Yes,1749
Dronagiri,3,"562, Road B, Dronagiri East",,No,Yes,1247
Matunga,4,"660, Road D, Matunga East",,Yes,No,964
Kharghar,1,"481, Road D, Kharghar East",,No,No,1448
Khopoli,3,"689, Road A, Khopoli East",,Yes,Yes,366
Wadala,3,"268, Road A, Wadala East",,Yes,No,305
Agripada,2,"477, Road B, Agripada East",,Yes,No,936
Kalyan East,5,"877, Road E, Kalyan East East",,Yes,Yes,613
LBS Marg,1,"775, Road D, LBS Marg East",,No,Yes,1649
Agripada,2,"958, Road B, Agripada East",,No,No,864
Kanjurmarg,4,"473, Road E, Kanjurmarg East",,Yes,No,1901
Bandra Kurla Complex,4,"792, Road D, Bandra Kurla Complex East",,No,No,1125
Khar West,3,"325, Road C, Khar West East",,Yes,Yes,805
Goregaon West,3,"621, Road A, Goregaon West East",,Yes,Yes,1405
Ghansoli,4,"501, Road A, Ghansoli East",,Yes,Yes,1922
Palghar,3,"764, Road C, Palghar East",,Yes,No,1325
Bhayandar East,1,"945, Road D, Bhayandar East East",,No,No,503
Palghar,3,"725, Road D, Palghar East",,Yes,Yes,961
Santacruz East,5,"513, Road D, Santacruz East East",,Yes,No,1104
Agripada,3,"824, Road D, Agripada East",,No,Yes,703
Lower Parel,2,"387, Road C, Lower Parel East",,Yes,No,1426
Mulund East,1,"785, Road A, Mulund East East",,No,Yes,835
Neral,2,"987, Road E, Neral East",,Yes,No,1691
Dahisar,2,"221, Road A, Dahisar East",,Yes,No,1535
Goregaon West,5,"879, Road A, Goregaon West East",,Yes,Yes,876
Mahim,1,"629, Road E, Mahim East",,Yes,Yes,1532
Seawoods,1,"496, Road E, Seawoods East",,Yes,Yes,1062
Dahisar,1,"737, Road D, Dahisar East",,Yes,Yes,416
Dombivali,1,"835, Road C, Dombivali East",,No,Yes,927
Nahur East,1,"355, Road C, Nahur East East",,Yes,No,1048
Mulund East,5,"444, Road D, Mulund East East",,No,Yes,1801
Thane West,3,"896, Road E, Thane West East",,No,Yes,404
Juhu,2,"565, Road B, Juhu East",,Yes,Yes,794
Mahim,1,"640, Road E, Mahim East",,No,Yes,345
Kalyan East,3,"562, Road D, Kalyan East East",,Yes,Yes,1122
Palghar,3,"382, Road B, Palghar East",,No,No,1654
Vichumbe,2,"706, Road C, Vichumbe East",,Yes,Yes,1539
Panvel,5,"506, Road D, Panvel East",,No,Yes,1281
Kamathipura,4,"560, Road C, Kamathipura East",,No,Yes,1259
Mulund East,4,"520, Road E, Mulund East East",,Yes,No,1815
Seawoods,3,"452, Road C, Seawoods East",,No,No,1144
Peddar Road,2,"802, Road C, Peddar Road East",,Yes,Yes,748
Santacruz East,4,"122, Road E, Santacruz East East",,Yes,Yes,835
Kalyan East,3,"129, Road D, Kalyan East East",,Yes,No,810
Nalasopara East,5,"466, Road A, Nalasopara East East",,Yes,No,1781
Juhu,4,"227, Road E, Juhu East",,Yes,No,1870
Deonar,3,"210, Road B, Deonar East",,No,Yes,1859
Vangani,3,"285, Road A, Vangani East",,No,Yes,839
Bhayandar East,1,"975, Road E, Bhayandar East East",,No,No,1807
Ville Parle East,5,"614, Road A, Ville Parle East East",,Yes,Yes,315
Nahur East,1,"203, Road C, Nahur East East",,No,No,1894
Malad West,2,"323, Road B, Malad West East",,No,No,542
Vichumbe,1,"965, Road C, Vichumbe East",,No,No,1530
Vangani,1,"572, Road B, Vangani East",,No,Yes,1211
Wada,4,"504, Road C, Wada East",,No,No,1594
Badlapur East,3,"165, Road A, Badlapur East East",,Yes,No,1060
Ghatkopar East,5,"211, Road E, Ghatkopar East East",,Yes,Yes,1004
Andheri West,1,"492, Road D, Andheri West East",,No,No,414
Cuffe Parade,5,"697, Road B, Cuffe Parade East",,Yes,Yes,1903
Malad East,1,"701, Road B, Malad East East",,Yes,No,1622
Boisar,2,"665, Road D, Boisar East",,No,Yes,1806
Bhiwandi,1,"308, Road A, Bhiwandi East",,No,No,696
Naigaon East,4,"517, Road E, Naigaon East East",,Yes,No,693
Santacruz West,3,"476, Road D, Santacruz West East",,No,No,1398
Bandra West,2,"686, Road C, Bandra West East",,Yes,No,1277
Palghar,1,"834, Road C, Palghar East",,Yes,No,1805
Nahur East,5,"200, Road B, Nahur East East",,No,Yes,1426
Bhandup West,2,"231, Road E, Bhandup West East",,Yes,Yes,596
Boisar,2,"231, Road D, Boisar East",,Yes,No,1301
Shahapur,1,"635, Road C, Shahapur East",,Yes,No,477
Ville Parle East,2,"253, Road E, Ville Parle East East",,No,No,1538
Diva,5,"841, Road E, Diva East",,No,Yes,1266
Mahim,2,"921, Road E, Mahim East",,No,Yes,614
Santacruz West,5,"301, Road D, Santacruz West East",,No,No,1362
Jogeshwari East,1,"287, Road A, Jogeshwari East East",,Yes,Yes,558
Badlapur West,3,"119, Road A, Badlapur West East",,No,No,306
Kharghar,2,"218, Road D, Kharghar East",,No,No,348
Diva,3,"320, Road C, Diva East",,No,No,1861
Vikroli East,5,"827, Road E, Vikroli East East",,No,Yes,460
Dronagiri,2,"435, Road B, Dronagiri East",,Yes,No,475
Badlapur West,4,"154, Road D, Badlapur West East",,Yes,No,1914
Titwala,3,"987, Road B, Titwala East",,Yes,No,1325
Malad East,2,"769, Road B, Malad East East",,No,Yes,1300
Navade,3,"258, Road D, Navade East",,No,Yes,754
Umroli,2,"159, Road C, Umroli East",,Yes,Yes,1967
Ghatkopar West,1,"916, Road C, Ghatkopar West East",,No,No,575
Vasai east,3,"505, Road E, Vasai east East",,No,Yes,797
Sewri,4,"175, Road B, Sewri East",,Yes,No,1952
Khopoli,4,"216, Road D, Khopoli East",,Yes,Yes,975
Goregaon East,5,"803, Road C, Goregaon East East",,No,No,1351
Naigaon East,2,"531, Road E, Naigaon East East",,No,Yes,1656
Wada,3,"839, Road A, Wada East",,No,No,1324
Badlapur East,5,"282, Road A, Badlapur East East",,Yes,Yes,1511
Sion,3,"245, Road D, Sion East",,Yes,Yes,355
Dronagiri,2,"212, Road C, Dronagiri East",,Yes,Yes,846
Kalamboli,4,"575, Road C, Kalamboli East",,Yes,No,1435
Kamathipura,1,"402, Road C, Kamathipura East",,No,Yes,1633
Karanjade,4,"924, Road D, Karanjade East",,Yes,Yes,335
Sanpada,5,"217, Road E, Sanpada East",,Yes,Yes,738
Karjat,1,"260, Road A, Karjat East",,No,Yes,1915
Juhu,5,"297, Road D, Juhu East",,No,No,894
Koproli,2,"759, Road C, Koproli East",,No,Yes,1900
Vikroli East,1,"498, Road D, Vikroli East East",,Yes,No,1648
Badlapur East,5,"174, Road A, Badlapur East East",,No,No,1963
Koper Khairane,2,"701, Road E, Koper Khairane East",,No,No,606
Kamothe,4,"604, Road D, Kamothe East",,Yes,No,1857
Kandivali East,2,"672, Road B, Kandivali East East",,Yes,Yes,918
Navade,3,"149, Road C, Navade East",,No,No,1432
Wadala,2,"718, Road A, Wadala East",,Yes,No,1695
Dombivali,2,"961, Road E, Dombivali East",,No,No,656
Jogeshwari West,3,"809, Road A, Jogeshwari West East",,No,No,480
Bhiwandi,5,"976, Road C, Bhiwandi East",,Yes,Yes,1679
Fort,5,"856, Road C, Fort East",,No,Yes,1999
Santacruz East,2,"525, Road C, Santacruz East East",,Yes,No,367
Kharghar,3,"401, Road B, Kharghar East",,Yes,No,591
Kandivali West,3,"680, Road E, Kandivali West East",,Yes,No,991
Nalasopara East,4,"931, Road E, Nalasopara East East",,No,Yes,480
Kamathipura,5,"148, Road E, Kamathipura East",,Yes,Yes,1789
Ghatkopar East,1,"173, Road E, Ghatkopar East East",,Yes,Yes,733
Kalyan East,5,"455, Road B, Kalyan East East",,No,Yes,1787
Rasayani,5,"359, Road B, Rasayani East",,No,Yes,1213
Mulund West,4,"740, Road A, Mulund West East",,No,No,1857
Agripada,1,"711, Road A, Agripada East",,No,Yes,365
Bhayandar West,4,"281, Road D, Bhayandar West East",,Yes,Yes,1344
Kalyan West,1,"463, Road D, Kalyan West East",,Yes,No,1935
Vangani,2,"668, Road D, Vangani East",,Yes,Yes,683
Malad West,1,"763, Road A, Malad West East",,No,Yes,1938
Kalamboli,4,"647, Road E, Kalamboli East",,No,Yes,1882
Mazgaon,5,"507, Road D, Mazgaon East",,Yes,No,338
Badlapur West,1,"717, Road D, Badlapur West East",,No,Yes,1608
Madanpura,1,"262, Road D, Madanpura East",,No,No,1121
Sion,3,"369, Road B, Sion East",,Yes,No,901
Girgaon,5,"947, Road B, Girgaon East",,Yes,Yes,1920
Vangani,2,"828, Road E, Vangani East",,No,Yes,1084
Badlapur West,4,"681, Road D, Badlapur West East",,No,Yes,1659
Chembur,2,"940, Road E, Chembur East",,No,Yes,1511
Rasayani,5,"327, Road C, Rasayani East",,Yes,No,970
Juhu,1,"695, Road B, Juhu East",,Yes,Yes,1566
Matunga,1,"349, Road C, Matunga East",,Yes,No,1396
Dadar West,5,"540, Road E, Dadar West East",,Yes,No,778
Dronagiri,1,"295, Road B, Dronagiri East",,Yes,No,860
Nala Sopara,1,"618, Road B, Nala Sopara East",,No,No,400
Dadar West,1,"771, Road C, Dadar West East",,No,No,813
Ulhasnagar,4,"247, Road E, Ulhasnagar East",,No,Yes,475
Malad West,4,"525, Road B, Malad West East",,Yes,No,537
Vichumbe,3,"591, Road A, Vichumbe East",,Yes,No,1209
Badlapur West,2,"264, Road B, Badlapur West East",,Yes,Yes,1382
Vikhroli,5,"120, Road B, Vikhroli East",,No,Yes,1422
Dundare,5,"680, Road C, Dundare East",,Yes,No,1170
Airoli,5,"698, Road B, Airoli East",,Yes,No,794
Dadar West,3,"404, Road C, Dadar West East",,No,Yes,1246
Seawoods,4,"470, Road A, Seawoods East",,Yes,No,1837
Kasheli,3,"952, Road D, Kasheli East",,No,Yes,1054
Mulund East,5,"544, Road A, Mulund East East",,Yes,Yes,1620
Bhandup West,2,"260, Road B, Bhandup West East",,Yes,No,510
Taloja,1,"728, Road D, Taloja East",,No,Yes,1446
Vasai,4,"994, Road B, Vasai East",,No,No,1552
Jogeshwari West,4,"426, Road A, Jogeshwari West East",,No,No,1917
Nilje Gaon,3,"692, Road E, Nilje Gaon East",,No,No,1979
Dronagiri,4,"672, Road B, Dronagiri East",,No,Yes,1711
Nerul,5,"127, Road B, Nerul East",,No,No,439
Rasayani,5,"142, Road A, Rasayani East",,Yes,Yes,840
Borivali West,3,"522, Road A, Borivali West East",,Yes,No,1714
Rasayani,5,"628, Road B, Rasayani East",,No,No,569
Malad West,2,"593, Road B, Malad West East",,Yes,Yes,1335
Usarghar Gaon,3,"676, Road B, Usarghar Gaon East",,No,No,1712
LBS Marg,2,"952, Road E, LBS Marg East",,Yes,No,1660
Kalwa,1,"613, Road A, Kalwa East",,No,Yes,805
Shahapur,2,"165, Road B, Shahapur East",,Yes,Yes,1429
Khopoli,1,"197, Road C, Khopoli East",,Yes,Yes,331
Bandra Kurla Complex,1,"736, Road D, Bandra Kurla Complex East",,Yes,No,1397
Agripada,2,"443, Road D, Agripada East",,Yes,Yes,1494
Palghar,3,"670, Road B, Palghar East",,Yes,Yes,1392
Vangani,5,"710, Road C, Vangani East",,No,No,1112
Nala Sopara,5,"930, Road A, Nala Sopara East",,No,Yes,661
Jogeshwari East,1,"131, Road E, Jogeshwari East East",,No,No,1972
Goregaon East,1,"631, Road B, Goregaon East East",,Yes,No,1756
Usarghar Gaon,3,"482, Road D, Usarghar Gaon East",,No,Yes,1228
Vichumbe,4,"977, Road D, Vichumbe East",,Yes,No,399
Bhayandar East,2,"313, Road E, Bhayandar East East",,Yes,Yes,1981
Titwala,1,"178, Road D, Titwala East",,Yes,Yes,308
Ambernath East,5,"703, Road C, Ambernath East East",,No,Yes,1897
Kalyan West,3,"480, Road A, Kalyan West East",,Yes,Yes,996
Vikhroli,2,"779, Road B, Vikhroli East",,No,No,1352
Mazgaon,3,"895, Road B, Mazgaon East",,No,No,1437
Dundare,2,"980, Road B, Dundare East",,Yes,Yes,761
Santacruz West,2,"859, Road C, Santacruz West East",,Yes,Yes,1220
Ghatkopar West,1,"143, Road A, Ghatkopar West East",,No,No,1466
Jogeshwari East,3,"653, Road D, Jogeshwari East East",,No,Yes,689
Khopoli,3,"326, Road D, Khopoli East",,No,No,931
Nahur East,5,"890, Road A, Nahur East East",,No,Yes,981
Sion,5,"478, Road B, Sion East",,No,No,456
Dahisar,1,"526, Road C, Dahisar East",,No,No,634
Santacruz West,1,"808, Road C, Santacruz West East",,Yes,No,559
Ulhasnagar,4,"878, Road D, Ulhasnagar East",,No,Yes,381
Karanjade,5,"685, Road D, Karanjade East",,No,Yes,1053
Wada,2,"575, Road A, Wada East",,No,Yes,1764
Goregaon West,3,"263, Road E, Goregaon West East",,No,Yes,1495
Andheri West,1,"696, Road A, Andheri West East",,Yes,Yes,1554
Fort,3,"658, Road B, Fort East",,Yes,No,1019
Dadar West,3,"653, Road D, Dadar West East",,No,No,374
Agripada,4,"567, Road D, Agripada East",,No,No,1593
Girgaon,5,"485, Road C, Girgaon East",,No,No,925
Fort,1,"976, Road C, Fort East",,Yes,No,361
Dronagiri,3,"382, Road B, Dronagiri East",,Yes,No,1173
Shil Phata,1,"974, Road A, Shil Phata East",,Yes,No,619
Koper Khairane,2,"319, Road A, Koper Khairane East",,Yes,Yes,401
Andheri West,4,"619, Road E, Andheri West East",,Yes,No,1752
Dadar West,2,"991, Road C, Dadar West East",,Yes,Yes,1173
Bandra Kurla Complex,1,"712, Road D, Bandra Kurla Complex East",,No,No,1253
Ulwe,1,"465, Road C, Ulwe East",,Yes,No,554
Ville Parle East,5,"643, Road A, Ville Parle East East",,Yes,Yes,1855
Ghansoli,3,"623, Road C, Ghansoli East",,No,No,869
Kamothe,3,"913, Road A, Kamothe East",,Yes,Yes,411
Kasheli,2,"674, Road E, Kasheli East",,No,No,1284
Kamathipura,4,"986, Road E, Kamathipura East",,Yes,Yes,1636
Khar West,3,"632, Road E, Khar West East",,No,No,1297
Vasai,5,"261, Road D, Vasai East",,No,Yes,760
Peddar Road,2,"201, Road B, Peddar Road East",,No,Yes,1007
Airoli,2,"834, Road C, Airoli East",,No,No,1186
Dadar West,5,"346, Road C, Dadar West East",,No,No,1785
Santacruz East,4,"936, Road A, Santacruz East East",,Yes,Yes,1415
Wadala,5,"230, Road A, Wadala East",,Yes,No,1375
Juhu,4,"295, Road A, Juhu East",,No,Yes,819
Karjat,5,"765, Road E, Karjat East",,No,No,1111
Umroli,5,"326, Road E, Umroli East",,No,Yes,1421
Nilje Gaon,1,"575, Road E, Nilje Gaon East",,Yes,No,535
Lower Parel,2,"364, Road D, Lower Parel East",,No,Yes,1697
Bhandup East,5,"585, Road B, Bhandup East East",,No,No,1904
Bandra West,5,"745, Road C, Bandra West East",,No,Yes,1226
Usarghar Gaon,3,"671, Road D, Usarghar Gaon East",,No,Yes,856
Bhandup West,2,"476, Road C, Bhandup West East",,Yes,No,948
Kandivali East,3,"549, Road D, Kandivali East East",,No,No,533
Kanjurmarg,2,"975, Road A, Kanjurmarg East",,No,Yes,1355
Taloja,3,"824, Road B, Taloja East",,Yes,Yes,1612
Panvel,5,"230, Road D, Panvel East",,No,Yes,1961
Matunga,5,"575, Road B, Matunga East",,No,Yes,878
Kharghar,1,"376, Road D, Kharghar East",,Yes,No,841
Navade,3,"859, Road B, Navade East",,Yes,Yes,413
Vasai,4,"289, Road A, Vasai East",,Yes,Yes,503
Kandivali West,1,"774, Road D, Kandivali West East",,No,Yes,1352
Goregaon East,3,"645, Road A, Goregaon East East",,No,No,942
Dahisar,3,"406, Road B, Dahisar East",,Yes,Yes,773
Naigaon East,1,"413, Road C, Naigaon East East",,Yes,No,996
Bhayandar East,5,"378, Road A, Bhayandar East East",,Yes,No,552
Worli,3,"936, Road D, Worli East",,No,No,1204
Shahapur,5,"750, Road C, Shahapur East",,No,No,685
Byculla,1,"388, Road D, Byculla East",,Yes,No,361
Kasheli,5,"992, Road B, Kasheli East",,No,No,814
Kalyan East,2,"165, Road C, Kalyan East East",,Yes,No,729
Nalasopara East,4,"347, Road D, Nalasopara East East",,No,Yes,879
Deonar,3,"146, Road A, Deonar East",,No,Yes,1860
Kamothe,4,"759, Road D, Kamothe East",,No,No,1464
Bhayandar East,5,"100, Road C, Bhayandar East East",,No,Yes,1042
Airoli,3,"615, Road B, Airoli East",,Yes,Yes,1623
Vasai,5,"914, Road E, Vasai East",,No,No,974
Kurla,2,"326, Road A, Kurla East",,No,Yes,610
Vichumbe,1,"728, Road E, Vichumbe East",,Yes,No,770
Palghar,3,"401, Road D, Palghar East",,No,Yes,1716
Vikhroli,2,"753, Road D, Vikhroli East",,Yes,No,1965
LBS Marg,2,"559, Road A, LBS Marg East",,Yes,No,1768
Santacruz East,3,"650, Road A, Santacruz East East",,No,Yes,1108
Thane West,5,"966, Road D, Thane West East",,No,Yes,471
Nilje Gaon,2,"944, Road B, Nilje Gaon East",,Yes,No,875
Dadar West,4,"214, Road A, Dadar West East",,Yes,No,330
Mira Road East,2,"745, Road C, Mira Road East East",,Yes,No,346
Bandra West,5,"318, Road C, Bandra West East",,No,Yes,429
Malad East,5,"702, Road B, Malad East East",,Yes,Yes,651
Navade,4,"987, Road D, Navade East",,Yes,Yes,1277
Karanjade,2,"600, Road C, Karanjade East",,Yes,Yes,1945
Dundare,5,"758, Road C, Dundare East",,No,No,1904
Diva,3,"695, Road A, Diva East",,Yes,No,357
Mahim,1,"380, Road B, Mahim East",,No,No,1429
Bandra Kurla Complex,1,"713, Road A, Bandra Kurla Complex East",,No,No,1111
Diva,1,"182, Road C, Diva East",,Yes,Yes,1653
Dombivali,2,"998, Road B, Dombivali East",,No,No,1067
Sion,4,"374, Road A, Sion East",,Yes,No,982
Sion,5,"383, Road D, Sion East",,No,Yes,1706
Bhiwandi,3,"272, Road A, Bhiwandi East",,No,Yes,1485
Kamathipura,3,"862, Road D, Kamathipura East",,Yes,No,1296
Shahapur,2,"474, Road A, Shahapur East",,Yes,Yes,585
Cuffe Parade,1,"607, Road C, Cuffe Parade East",,Yes,No,1394
Khar West,2,"497, Road E, Khar West East",,No,Yes,1777
Powai,4,"928, Road D, Powai East",,No,Yes,1185
Vikhroli,4,"564, Road A, Vikhroli East",,Yes,No,1890
Dadar East,5,"419, Road A, Dadar East East",,Yes,Yes,696
Rasayani,5,"475, Road D, Rasayani East",,No,No,1838
Airoli,4,"188, Road C, Airoli East",,No,Yes,325
Mulund West,4,"920, Road C, Mulund West East",,No,Yes,612
Seawoods,4,"433, Road A, Seawoods East",,Yes,Yes,425
Kandivali West,2,"807, Road C, Kandivali West East",,No,Yes,1731
Mulund East,4,"167, Road D, Mulund East East",,Yes,Yes,1888
Khar,3,"875, Road B, Khar East",,No,No,1521
Borivali West,1,"972, Road E, Borivali West East",,No,Yes,1110
Vasind,4,"721, Road A, Vasind East",,Yes,No,487
Dadar West,1,"731, Road E, Dadar West East",,Yes,Yes,997
Malad East,2,"161, Road A, Malad East East",,Yes,No,1109
Ulhasnagar,1,"531, Road D, Ulhasnagar East",,No,Yes,1015
Badlapur West,2,"134, Road C, Badlapur West East",,No,No,1807
Byculla,3,"675, Road B, Byculla East",,No,No,749
Vasind,2,"568, Road E, Vasind East",,Yes,Yes,822
Mazgaon,2,"424, Road D, Mazgaon East",,No,Yes,1677
Dundare,5,"968, Road C, Dundare East",,Yes,Yes,1285
Koper Khairane,4,"783, Road A, Koper Khairane East",,Yes,No,957
Nahur East,4,"300, Road E, Nahur East East",,Yes,No,896
Kandivali West,3,"423, Road C, Kandivali West East",,No,Yes,399
Mazgaon,3,"581, Road A, Mazgaon East",,No,Yes,915
Kalamboli,4,"107, Road E, Kalamboli East",,Yes,No,1247
Navade,5,"442, Road D, Navade East",,No,No,1881
Napeansea Road,4,"537, Road D, Napeansea Road East",,Yes,Yes,855
Napeansea Road,5,"273, Road A, Napeansea Road East",,Yes,No,577
Jogeshwari East,3,"758, Road B, Jogeshwari East East",,No,Yes,1949
Kamathipura,1,"919, Road E, Kamathipura East",,Yes,Yes,790
Santacruz East,3,"505, Road E, Santacruz East East",,Yes,Yes,554
Usarghar Gaon,3,"918, Road D, Usarghar Gaon East",,No,No,680
Mahim,2,"604, Road E, Mahim East",,Yes,No,1191
Andheri East,2,"278, Road D, Andheri East East",,Yes,No,841
Bandra Kurla Complex,2,"922, Road D, Bandra Kurla Complex East",,Yes,No,1587
Shahapur,2,"639, Road D, Shahapur East",,Yes,Yes,1933
Titwala,5,"505, Road D, Titwala East",,Yes,No,1124
Kandivali East,4,"678, Road D, Kandivali East East",,Yes,Yes,1178
Khopoli,1,"293, Road B, Khopoli East",,Yes,Yes,1652
Dadar East,3,"446, Road A, Dadar East East",,No,Yes,1438
Neral,5,"868, Road A, Neral East",,No,No,1599
Jogeshwari West,1,"821, Road A, Jogeshwari West East",,Yes,Yes,1811
Ghansoli,5,"672, Road D, Ghansoli East",,Yes,Yes,580
Kurla,5,"361, Road B, Kurla East",,No,No,1598
Jogeshwari West,3,"382, Road C, Jogeshwari West East",,No,Yes,1072
Koper Khairane,4,"479, Road B, Koper Khairane East",,No,No,1142
Kurla,2,"548, Road A, Kurla East",,No,No,1018
Lower Parel,4,"192, Road E, Lower Parel East",,No,No,627
Panvel,3,"852, Road C, Panvel East",,Yes,Yes,510
Andheri East,3,"523, Road C, Andheri East East",,No,No,1026
Madanpura,3,"531, Road E, Madanpura East",,No,No,1222
Dadar East,1,"951, Road A, Dadar East East",,No,No,851
Kasheli,4,"752, Road E, Kasheli East",,Yes,No,325
Kurla,4,"148, Road A, Kurla East",,Yes,Yes,326
Boisar,5,"289, Road C, Boisar East",,Yes,No,1001
Jogeshwari West,5,"503, Road D, Jogeshwari West East",,Yes,Yes,1406
Prabhadevi,5,"964, Road B, Prabhadevi East",,Yes,No,981
Mazagaon,3,"906, Road E, Mazagaon East",,Yes,Yes,712
Andheri East,4,"856, Road A, Andheri East East",,No,No,466
Panvel,3,"803, Road B, Panvel East",,Yes,Yes,468
Thane East,1,"462, Road A, Thane East East",,Yes,No,528
Dadar East,5,"876, Road E, Dadar East East",,No,Yes,1932
Mira Road East,3,"916, Road A, Mira Road East East",,Yes,Yes,666
Navade,3,"628, Road E, Navade East",,No,Yes,827
Wadala,1,"918, Road C, Wadala East",,No,No,1090
Mulund West,2,"282, Road A, Mulund West East",,Yes,Yes,1970
Kanjurmarg,4,"650, Road E, Kanjurmarg East",,No,Yes,1861
Taloja,2,"803, Road C, Taloja East",,No,Yes,823
Kamathipura,5,"593, Road C, Kamathipura East",,No,Yes,1395
Sion,3,"432, Road E, Sion East",,No,No,1968
Kamathipura,1,"100, Road D, Kamathipura East",,Yes,Yes,405
Peddar Road,1,"118, Road D, Peddar Road East",,No,Yes,1031
Mazagaon,4,"683, Road E, Mazagaon East",,Yes,Yes,1264
Bandra West,2,"208, Road D, Bandra West East",,No,No,1605
Vasind,4,"544, Road A, Vasind East",,No,Yes,432
Nilje Gaon,3,"400, Road B, Nilje Gaon East",,No,Yes,833
Diva,4,"202, Road D, Diva East",,Yes,Yes,1274
Kandivali East,1,"349, Road E, Kandivali East East",,Yes,Yes,568
Airoli,1,"619, Road A, Airoli East",,Yes,No,1735
Sewri,5,"958, Road E, Sewri East",,No,Yes,972
Palava,5,"530, Road A, Palava East",,No,Yes,1942
Santacruz East,3,"786, Road D, Santacruz East East",,No,No,1090
Khopoli,2,"949, Road B, Khopoli East",,No,No,317
Bhandup East,4,"423, Road A, Bhandup East East",,Yes,No,416
Naigaon East,3,"738, Road D, Naigaon East East",,No,Yes,1097
Mahim,5,"693, Road E, Mahim East",,Yes,No,1467
Thane West,4,"758, Road D, Thane West East",,No,Yes,850
Kalwa,5,"183, Road A, Kalwa East",,Yes,No,1228
Malad East,4,"836, Road D, Malad East East",,Yes,Yes,1989
Khopoli,2,"477, Road C, Khopoli East",,No,No,1052
Santacruz West,3,"754, Road A, Santacruz West East",,No,Yes,721
Fort,4,"869, Road E, Fort East",,Yes,No,1692
Mulund West,1,"204, Road B, Mulund West East",,No,Yes,945
Khar,1,"549, Road C, Khar East",,No,Yes,857
Mulund West,4,"942, Road E, Mulund West East",,Yes,Yes,349
Taloja,4,"365, Road B, Taloja East",,Yes,Yes,977
Bhandup West,4,"662, Road A, Bhandup West East",,Yes,Yes,405
Chembur,1,"476, Road D, Chembur East",,Yes,Yes,1539
Dahisar,1,"870, Road D, Dahisar East",,No,Yes,957
Chembur,4,"553, Road C, Chembur East",,Yes,Yes,1748
Kamothe,5,"728, Road B, Kamothe East",,Yes,No,1395
Vasai east,5,"704, Road C, Vasai east East",,Yes,Yes,1287
Borivali West,2,"449, Road B, Borivali West East",,No,Yes,1141
Koper Khairane,3,"180, Road A, Koper Khairane East",,Yes,No,745
Malad West,5,"367, Road C, Malad West East",,No,Yes,1509
Dadar East,1,"334, Road A, Dadar East East",,Yes,No,369
Vangani,5,"410, Road E, Vangani East",,Yes,Yes,449
LBS Marg,2,"456, Road E, LBS Marg East",,No,No,1569
Navade,2,"673, Road A, Navade East",,Yes,No,1073
Lower Parel,3,"226, Road A, Lower Parel East",,Yes,Yes,1861
Dadar West,5,"378, Road A, Dadar West East",,No,No,1975
Vikroli East,1,"393, Road D, Vikroli East East",,Yes,Yes,1422
Malad West,1,"376, Road C, Malad West East",,Yes,Yes,1601
Borivali East,4,"757, Road D, Borivali East East",,Yes,Yes,1886
LBS Marg,1,"710, Road E, LBS Marg East",,Yes,Yes,1986
Bhayandar West,3,"474, Road A, Bhayandar West East",,No,No,1243
Vikhroli,3,"733, Road D, Vikhroli East",,Yes,Yes,754
Navade,1,"463, Road B, Navade East",,No,No,1427
Vichumbe,1,"899, Road C, Vichumbe East",,Yes,No,1245
Nahur East,4,"294, Road D, Nahur East East",,No,Yes,900
Girgaon,1,"271, Road A, Girgaon East",,Yes,Yes,952
Karjat,4,"162, Road C, Karjat East",,No,Yes,1024
Vasind,4,"659, Road B, Vasind East",,Yes,Yes,532
Bhayandar East,1,"924, Road D, Bhayandar East East",,No,No,1717
Cuffe Parade,2,"479, Road A, Cuffe Parade East",,No,Yes,1824
Girgaon,2,"778, Road B, Girgaon East",,Yes,No,550
Rasayani,4,"539, Road D, Rasayani East",,No,Yes,1844
Kamothe,1,"106, Road D, Kamothe East",,Yes,Yes,378
Khar West,2,"520, Road A, Khar West East",,Yes,Yes,1375
Byculla,1,"292, Road D, Byculla East",,Yes,Yes,1197
Usarghar Gaon,1,"886, Road E, Usarghar Gaon East",,Yes,No,1220
Nalasopara East,1,"301, Road D, Nalasopara East East",,Yes,No,1080
Naigaon East,5,"518, Road C, Naigaon East East",,No,Yes,525
Taloja,1,"578, Road C, Taloja East",,Yes,No,1374
Napeansea Road,5,"225, Road C, Napeansea Road East",,Yes,No,1509
Sewri,4,"916, Road A, Sewri East",,Yes,Yes,1357
Kasheli,2,"905, Road E, Kasheli East",,Yes,Yes,1102
Anjurdive,2,"491, Road B, Anjurdive East",,Yes,No,1041
Malad West,2,"787, Road D, Malad West East",,Yes,No,430
Mira Road East,2,"539, Road D, Mira Road East East",,No,No,1322
Byculla,2,"585, Road A, Byculla East",,No,No,931
Agripada,2,"130, Road D, Agripada East",,Yes,Yes,1766
Vikhroli,2,"724, Road E, Vikhroli East",,No,Yes,1137
Fort,4,"533, Road E, Fort East",,Yes,No,1058
Mulund East,1,"475, Road C, Mulund East East",,Yes,Yes,1755
Palghar,3,"678, Road C, Palghar East",,Yes,No,1003
Boisar,5,"656, Road D, Boisar East",,Yes,No,796
Andheri East,3,"765, Road C, Andheri East East",,Yes,Yes,1726
Usarghar Gaon,3,"529, Road C, Usarghar Gaon East",,No,No,622
Taloja,1,"547, Road C, Taloja East",,No,No,1533
Nalasopara East,1,"333, Road C, Nalasopara East East",,No,Yes,914
Titwala,1,"917, Road C, Titwala East",,No,Yes,628
Girgaon,2,"224, Road E, Girgaon East",,Yes,No,1695
Andheri West,4,"641, Road B, Andheri West East",,No,No,1783
Ghatkopar West,2,"584, Road B, Ghatkopar West East",,Yes,Yes,432
Cuffe Parade,4,"224, Road E, Cuffe Parade East",,No,No,1134
Mazagaon,4,"269, Road D, Mazagaon East",,No,No,950
Virar,3,"968, Road C, Virar East",,No,Yes,420
Kharghar,3,"186, Road D, Kharghar East",,No,Yes,905
Byculla,4,"885, Road D, Byculla East",,Yes,Yes,1775
Titwala,4,"300, Road A, Titwala East",,No,Yes,1264
Deonar,2,"896, Road E, Deonar East",,No,Yes,428
Taloja,2,"158, Road D, Taloja East",,Yes,Yes,1414
Bhandup East,3,"208, Road D, Bhandup East East",,Yes,No,1927
Sanpada,1,"168, Road E, Sanpada East",,No,No,1898
Dundare,4,"588, Road A, Dundare East",,Yes,Yes,328
Naigaon East,2,"773, Road E, Naigaon East East",,Yes,Yes,1021
Mahim,3,"953, Road E, Mahim East",,Yes,No,1847
Powai,2,"478, Road C, Powai East",,No,No,632
Sewri,4,"998, Road B, Sewri East",,Yes,No,1620
Naigaon East,4,"453, Road E, Naigaon East East",,No,Yes,1453
Kharghar,5,"662, Road B, Kharghar East",,No,Yes,1616
Goregaon East,1,"596, Road E, Goregaon East East",,No,No,1496
Jogeshwari West,5,"482, Road D, Jogeshwari West East",,No,Yes,1243
Palghar,3,"632, Road D, Palghar East",,Yes,Yes,1347
Bhandup East,2,"238, Road D, Bhandup East East",,No,Yes,1422
Ambernath East,3,"598, Road A, Ambernath East East",,Yes,No,1729
Ghansoli,4,"703, Road E, Ghansoli East",,No,No,655
Kalyan East,5,"582, Road E, Kalyan East East",,Yes,Yes,438
Bandra Kurla Complex,5,"210, Road B, Bandra Kurla Complex East",,No,Yes,1826
Andheri West,5,"238, Road D, Andheri West East",,Yes,Yes,1497
Sion,3,"534, Road E, Sion East",,No,Yes,328
Badlapur West,4,"372, Road C, Badlapur West East",,No,Yes,1230
Jogeshwari East,2,"863, Road B, Jogeshwari East East",,Yes,No,795
Kamathipura,2,"203, Road A, Kamathipura East",,No,Yes,1313
Neral,3,"763, Road B, Neral East",,No,Yes,954
Nalasopara East,5,"886, Road E, Nalasopara East East",,No,Yes,1127
Girgaon,1,"952, Road D, Girgaon East",,Yes,No,650
Nerul,3,"616, Road A, Nerul East",,No,No,853
Bhandup West,3,"712, Road D, Bhandup West East",,No,Yes,598
Kamathipura,4,"985, Road C, Kamathipura East",,Yes,No,1515
Juhu,2,"163, Road C, Juhu East",,Yes,No,1995
Peddar Road,3,"216, Road B, Peddar Road East",,Yes,No,363
Bhandup West,3,"366, Road E, Bhandup West East",,Yes,No,1054
Ambernath West,5,"658, Road D, Ambernath West East",,Yes,No,1069
Kanjurmarg,5,"345, Road E, Kanjurmarg East",,No,No,1987
Chembur,1,"857, Road C, Chembur East",,No,Yes,1538
Vichumbe,4,"586, Road D, Vichumbe East",,No,No,1133
Kharghar,1,"616, Road A, Kharghar East",,Yes,No,465
Goregaon East,5,"283, Road D, Goregaon East East",,No,Yes,1866
Naigaon East,2,"657, Road B, Naigaon East East",,Yes,Yes,1555
Ville Parle East,5,"623, Road A, Ville Parle East East",,Yes,Yes,1864
Naigaon East,4,"982, Road C, Naigaon East East",,No,Yes,1518
Nalasopara East,5,"765, Road D, Nalasopara East East",,Yes,No,805
Vasind,4,"847, Road D, Vasind East",,Yes,No,1657
Naigaon East,4,"963, Road B, Naigaon East East",,No,No,1092
Fort,4,"327, Road C, Fort East",,Yes,No,1627
Koproli,4,"516, Road C, Koproli East",,Yes,Yes,1132
Mulund East,4,"814, Road A, Mulund East East",,No,No,1760
Kalamboli,2,"598, Road B, Kalamboli East",,Yes,No,1646
Bhiwandi,1,"564, Road C, Bhiwandi East",,Yes,Yes,1825
Vikroli East,3,"830, Road B, Vikroli East East",,No,No,1157
Ulwe,1,"703, Road C, Ulwe East",,No,No,1716
Bandra Kurla Complex,4,"786, Road D, Bandra Kurla Complex East",,No,No,1105
Nilje Gaon,2,"464, Road C, Nilje Gaon East",,No,No,1922
Boisar,5,"147, Road A, Boisar East",,Yes,Yes,1472
Byculla,2,"939, Road D, Byculla East",,Yes,Yes,1060
Ghansoli,4,"948, Road A, Ghansoli East",,No,Yes,1132
Kurla,2,"980, Road A, Kurla East",,Yes,Yes,1728
Deonar,2,"963, Road C, Deonar East",,Yes,Yes,582
Taloja,4,"674, Road C, Taloja East",,No,No,1685
Deonar,2,"542, Road E, Deonar East",,No,No,678
Kharghar,3,"112, Road E, Kharghar East",,Yes,Yes,497
Bhayandar West,3,"386, Road B, Bhayandar West East",,No,Yes,1314
Bandra Kurla Complex,2,"579, Road E, Bandra Kurla Complex East",,No,Yes,1323
Vasai,5,"825, Road C, Vasai East",,No,No,855
Diva,4,"934, Road B, Diva East",,Yes,Yes,655
Borivali East,3,"909, Road E, Borivali East East",,No,No,1863
LBS Marg,5,"303, Road B, LBS Marg East",,Yes,No,1752
Bhayandar West,2,"780, Road C, Bhayandar West East",,Yes,No,1340
Bhayandar West,5,"795, Road A, Bhayandar West East",,Yes,No,938
Santacruz East,1,"833, Road C, Santacruz East East",,No,Yes,678
Mulund West,3,"118, Road B, Mulund West East",,No,No,979
Napeansea Road,2,"363, Road B, Napeansea Road East",,No,No,805
Khopoli,4,"212, Road C, Khopoli East",,No,Yes,1198
Seawoods,2,"164, Road D, Seawoods East",,No,No,375
Seawoods,4,"124, Road E, Seawoods East",,Yes,No,530
Napeansea Road,2,"100, Road E, Napeansea Road East",,Yes,No,1261
Malad East,5,"240, Road E, Malad East East",,Yes,Yes,1571
Goregaon West,5,"287, Road A, Goregaon West East",,No,No,601
Thane West,5,"226, Road A, Thane West East",,Yes,No,1025
Badlapur East,1,"775, Road C, Badlapur East East",,Yes,Yes,514
Dundare,4,"293, Road A, Dundare East",,No,Yes,1481
Bhandup East,5,"901, Road D, Bhandup East East",,No,No,368
Kalyan West,1,"513, Road C, Kalyan West East",,Yes,No,692
Koproli,4,"454, Road C, Koproli East",,Yes,Yes,1408
Bandra Kurla Complex,2,"287, Road E, Bandra Kurla Complex East",,No,No,566
Agripada,1,"784, Road B, Agripada East",,No,Yes,1392
Goregaon West,3,"144, Road E, Goregaon West East",,No,No,910
Malad East,1,"182, Road C, Malad East East",,No,Yes,1670
Nilje Gaon,1,"457, Road B, Nilje Gaon East",,Yes,No,1308
Kandivali East,4,"756, Road B, Kandivali East East",,Yes,Yes,1261
Peddar Road,2,"845, Road D, Peddar Road East",,No,Yes,1027
Dadar West,3,"755, Road D, Dadar West East",,Yes,Yes,972
Khopoli,5,"421, Road B, Khopoli East",,Yes,Yes,722
Mulund West,5,"573, Road E, Mulund West East",,No,Yes,1929
Andheri East,1,"283, Road D, Andheri East East",,Yes,No,1497
Nilje Gaon,4,"389, Road C, Nilje Gaon East",,Yes,No,2000
Mulund East,4,"314, Road C, Mulund East East",,Yes,Yes,414
Napeansea Road,5,"729, Road E, Napeansea Road East",,No,No,519
Karanjade,3,"330, Road E, Karanjade East",,No,No,330
Dadar East,2,"906, Road A, Dadar East East",,Yes,No,1846
Seawoods,3,"332, Road E, Seawoods East",,No,No,1666
Jogeshwari East,2,"880, Road E, Jogeshwari East East",,No,No,1700
Kandivali East,5,"502, Road E, Kandivali East East",,No,No,1453
Andheri East,2,"886, Road A, Andheri East East",,Yes,Yes,916
Khopoli,4,"380, Road A, Khopoli East",,Yes,No,838
Fort,1,"282, Road B, Fort East",,No,No,1038
Byculla,1,"109, Road D, Byculla East",,Yes,No,1325
Dadar East,5,"555, Road D, Dadar East East",,Yes,Yes,1170
Rasayani,4,"759, Road B, Rasayani East",,Yes,No,400
Nerul,3,"113, Road B, Nerul East",,Yes,No,1856
Navade,4,"511, Road D, Navade East",,Yes,No,1381
Bhayandar West,1,"152, Road D, Bhayandar West East",,No,Yes,1712
Byculla,1,"304, Road C, Byculla East",,Yes,No,991
Ambernath West,4,"570, Road B, Ambernath West East",,Yes,Yes,1240
Vangani,4,"111, Road B, Vangani East",,Yes,No,640
Peddar Road,1,"949, Road B, Peddar Road East",,No,Yes,1160
Prabhadevi,3,"738, Road C, Prabhadevi East",,No,Yes,1343
Nala Sopara,5,"972, Road D, Nala Sopara East",,No,Yes,1578
Mulund East,5,"660, Road A, Mulund East East",,Yes,No,1640
Nahur East,4,"340, Road B, Nahur East East",,No,Yes,337
Usarghar Gaon,5,"960, Road B, Usarghar Gaon East",,No,Yes,959
Vikhroli,1,"885, Road A, Vikhroli East",,No,Yes,1860
Girgaon,1,"442, Road B, Girgaon East",,No,Yes,1709
Titwala,4,"875, Road A, Titwala East",,Yes,No,1956
Ghansoli,4,"489, Road E, Ghansoli East",,No,No,1227
Jogeshwari West,4,"988, Road E, Jogeshwari West East",,No,No,1349
Dombivali,3,"767, Road C, Dombivali East",,Yes,No,753
Worli,5,"732, Road A, Worli East",,Yes,Yes,1646
Ville Parle East,4,"718, Road C, Ville Parle East East",,No,No,1036
Airoli,2,"236, Road C, Airoli East",,Yes,Yes,1836
Sewri,2,"773, Road D, Sewri East",,No,No,1118
Dundare,1,"551, Road D, Dundare East",,Yes,No,1072
Vasai,5,"949, Road C, Vasai East",,Yes,No,312
Nilje Gaon,4,"240, Road C, Nilje Gaon East",,No,Yes,1214
Koper Khairane,2,"276, Road D, Koper Khairane East",,Yes,No,1883
Kanjurmarg,5,"790, Road E, Kanjurmarg East",,No,No,1220
Navade,1,"500, Road B, Navade East",,Yes,No,1124
Mahim,3,"570, Road B, Mahim East",,No,Yes,670
Kanjurmarg,5,"927, Road C, Kanjurmarg East",,Yes,No,1614
Nerul,5,"828, Road B, Nerul East",,Yes,No,631
Virar,3,"274, Road E, Virar East",,Yes,Yes,1929
Juhu,5,"334, Road E, Juhu East",,Yes,Yes,560
Koproli,1,"200, Road A, Koproli East",,Yes,No,1528
Virar,1,"635, Road D, Virar East",,No,No,996
Peddar Road,3,"622, Road A, Peddar Road East",,Yes,No,986
Kandivali West,4,"551, Road A, Kandivali West East",,No,Yes,1249
Kasheli,2,"705, Road A, Kasheli East",,No,Yes,686
Bandra Kurla Complex,4,"632, Road D, Bandra Kurla Complex East",,No,Yes,1120
Khar West,5,"822, Road D, Khar West East",,Yes,No,767
Kamathipura,2,"392, Road B, Kamathipura East",,No,Yes,1738
Badlapur East,3,"200, Road D, Badlapur East East",,Yes,No,368
Khopoli,3,"652, Road C, Khopoli East",,No,Yes,1795
Ambernath East,2,"402, Road B, Ambernath East East",,No,Yes,1427
Goregaon West,1,"867, Road C, Goregaon West East",,No,Yes,1484
Jogeshwari West,2,"335, Road A, Jogeshwari West East",,No,No,499
Umroli,5,"991, Road A, Umroli East",,No,No,515
Napeansea Road,1,"112, Road B, Napeansea Road East",,Yes,No,511
Malad East,3,"840, Road E, Malad East East",,No,No,807
Bhayandar East,2,"199, Road B, Bhayandar East East",,No,Yes,315
Bandra West,4,"627, Road A, Bandra West East",,Yes,No,1821
Seawoods,4,"428, Road C, Seawoods East",,Yes,Yes,1183
Shil Phata,5,"921, Road A, Shil Phata East",,Yes,No,631
Kalamboli,4,"199, Road E, Kalamboli East",,No,No,1016
Koper Khairane,2,"954, Road E, Koper Khairane East",,No,Yes,850
Cuffe Parade,2,"848, Road B, Cuffe Parade East",,No,Yes,1924
Khopoli,4,"827, Road D, Khopoli East",,No,No,1241
Badlapur East,2,"373, Road C, Badlapur East East",,No,No,555
Vasind,5,"127, Road D, Vasind East",,No,Yes,1291
Wada,1,"248, Road D, Wada East",,Yes,Yes,1027
Palghar,5,"587, Road A, Palghar East",,Yes,Yes,1179
Umroli,5,"455, Road E, Umroli East",,No,Yes,1114
Vikhroli,2,"351, Road C, Vikhroli East",,No,Yes,1495
Koproli,1,"326, Road E, Koproli East",,No,No,948
Ghansoli,2,"412, Road A, Ghansoli East",,No,No,1299
Borivali East,3,"217, Road B, Borivali East East",,No,No,1821
Shil Phata,2,"664, Road D, Shil Phata East",,Yes,No,770
Ghansoli,2,"914, Road E, Ghansoli East",,Yes,Yes,1707
Vasai east,2,"685, Road E, Vasai east East",,No,Yes,989
Ulhasnagar,1,"776, Road B, Ulhasnagar East",,Yes,Yes,1912
Worli,2,"948, Road D, Worli East",,No,No,999
Vichumbe,1,"497, Road B, Vichumbe East",,No,Yes,806
Bandra Kurla Complex,4,"774, Road A, Bandra Kurla Complex East",,No,Yes,1291
Titwala,3,"486, Road A, Titwala East",,Yes,No,1309
Shil Phata,1,"879, Road D, Shil Phata East",,Yes,No,1850
Panvel,4,"635, Road E, Panvel East",,No,No,1103
Umroli,1,"270, Road A, Umroli East",,Yes,Yes,1130
Shahapur,1,"839, Road B, Shahapur East",,Yes,Yes,1648
Dombivali,3,"287, Road B, Dombivali East",,No,No,513
Navade,5,"329, Road A, Navade East",,Yes,No,1531
Bhiwandi,5,"951, Road D, Bhiwandi East",,Yes,Yes,468
Cuffe Parade,1,"883, Road A, Cuffe Parade East",,No,No,1653
Byculla,2,"203, Road D, Byculla East",,No,Yes,1603
Seawoods,4,"797, Road D, Seawoods East",,Yes,No,1277
Mulund West,2,"894, Road E, Mulund West East",,No,No,1628
Kalyan East,2,"781, Road C, Kalyan East East",,Yes,No,445
Kharghar,1,"274, Road A, Kharghar East",,No,Yes,815
Vikroli East,1,"773, Road E, Vikroli East East",,No,Yes,1413
Kalyan East,1,"233, Road E, Kalyan East East",,No,No,752
Goregaon East,1,"764, Road A, Goregaon East East",,No,Yes,359
Koproli,5,"154, Road B, Koproli East",,Yes,No,1634
Ulhasnagar,1,"618, Road D, Ulhasnagar East",,No,No,827
Badlapur West,5,"924, Road D, Badlapur West East",,No,Yes,1550
Khar,5,"627, Road C, Khar East",,No,Yes,1323
Titwala,1,"472, Road D, Titwala East",,Yes,Yes,773
Borivali West,3,"746, Road D, Borivali West East",,Yes,Yes,1864
Dadar East,4,"722, Road C, Dadar East East",,No,No,1986
Jogeshwari West,2,"556, Road C, Jogeshwari West East",,No,Yes,1056
Prabhadevi,5,"875, Road A, Prabhadevi East",,No,Yes,1081
Mahim,4,"828, Road E, Mahim East",,No,No,1402
Kasheli,3,"313, Road C, Kasheli East",,No,No,732
Ambernath East,2,"743, Road C, Ambernath East East",,No,No,1476
Prabhadevi,2,"588, Road E, Prabhadevi East",,Yes,No,700
Bhandup West,5,"709, Road B, Bhandup West East",,No,Yes,1602
Kamathipura,1,"511, Road E, Kamathipura East",,No,Yes,356
Prabhadevi,3,"178, Road D, Prabhadevi East",,No,No,1302
Naigaon East,5,"570, Road D, Naigaon East East",,No,No,485
Kandivali East,3,"317, Road D, Kandivali East East",,No,Yes,697
Cuffe Parade,1,"701, Road A, Cuffe Parade East",,No,Yes,904
Diva,1,"730, Road E, Diva East",,Yes,Yes,1087
Khar,5,"923, Road D, Khar East",,Yes,Yes,457
Khar,1,"533, Road C, Khar East",,Yes,Yes,1682
Dadar East,4,"242, Road D, Dadar East East",,Yes,No,1763
Badlapur West,2,"377, Road A, Badlapur West East",,Yes,No,888
Dadar East,5,"628, Road C, Dadar East East",,Yes,No,765
Bhayandar West,3,"189, Road D, Bhayandar West East",,No,No,1986
Nilje Gaon,4,"298, Road B, Nilje Gaon East",,No,Yes,745
Chembur,5,"540, Road B, Chembur East",,No,No,1100
Sanpada,1,"124, Road B, Sanpada East",,No,Yes,1811
Dadar East,1,"606, Road E, Dadar East East",,No,Yes,1853
Ulhasnagar,1,"438, Road C, Ulhasnagar East",,No,Yes,1396
Vikroli East,1,"560, Road E, Vikroli East East",,Yes,Yes,1228
Ghansoli,3,"555, Road D, Ghansoli East",,No,Yes,316
Ambernath East,4,"962, Road D, Ambernath East East",,Yes,Yes,1854
Naigaon East,2,"590, Road A, Naigaon East East",,Yes,Yes,1030
Wadala,3,"148, Road D, Wadala East",,No,No,625
Vasai,3,"201, Road D, Vasai East",,No,Yes,1294
Napeansea Road,2,"668, Road A, Napeansea Road East",,No,No,1955
Neral,2,"785, Road B, Neral East",,No,No,912
Kamothe,1,"893, Road A, Kamothe East",,No,Yes,845
Agripada,3,"981, Road E, Agripada East",,No,Yes,895
Wadala,5,"695, Road D, Wadala East",,No,No,1220
Jogeshwari West,2,"460, Road C, Jogeshwari West East",,Yes,No,1141
Jogeshwari East,2,"347, Road A, Jogeshwari East East",,No,No,1525
Prabhadevi,4,"521, Road C, Prabhadevi East",,No,No,643
Bandra Kurla Complex,5,"837, Road E, Bandra Kurla Complex East",,Yes,Yes,1846
Kamothe,5,"221, Road E, Kamothe East",,No,Yes,1158
Thane West,2,"657, Road E, Thane West East",,No,Yes,1723
Vasai,1,"489, Road B, Vasai East",,Yes,No,1541
Ambernath West,4,"689, Road B, Ambernath West East",,No,Yes,744
Nalasopara East,5,"401, Road E, Nalasopara East East",,No,No,521
Kandivali East,2,"322, Road C, Kandivali East East",,No,Yes,1706
Kanjurmarg,5,"617, Road E, Kanjurmarg East",,No,No,891
Navade,4,"619, Road D, Navade East",,No,Yes,1330
Sion,4,"592, Road C, Sion East",,No,Yes,1595
Prabhadevi,3,"719, Road A, Prabhadevi East",,Yes,No,1317
Jogeshwari West,2,"820, Road C, Jogeshwari West East",,No,No,315
Juhu,4,"432, Road B, Juhu East",,No,No,1747
Kalyan West,3,"622, Road D, Kalyan West East",,Yes,No,823
Usarghar Gaon,3,"591, Road A, Usarghar Gaon East",,Yes,No,1102
Ville Parle East,5,"371, Road D, Ville Parle East East",,No,Yes,320
Kharghar,5,"966, Road D, Kharghar East",,Yes,No,527
Mazagaon,3,"659, Road C, Mazagaon East",,No,Yes,1307
Boisar,5,"189, Road A, Boisar East",,No,Yes,1611
Taloja,4,"431, Road C, Taloja East",,Yes,Yes,1108
Ambernath East,1,"456, Road A, Ambernath East East",,No,Yes,1457
Wadala,4,"373, Road C, Wadala East",,No,Yes,1606
Fort,3,"410, Road B, Fort East",,Yes,No,703
Navade,3,"253, Road D, Navade East",,Yes,No,1988
Wadala,4,"719, Road C, Wadala East",,Yes,Yes,1389
Usarghar Gaon,5,"896, Road C, Usarghar Gaon East",,Yes,Yes,1972
Ambernath West,5,"224, Road B, Ambernath West East",,No,No,1927
Wada,3,"372, Road C, Wada East",,Yes,No,736
Rasayani,2,"910, Road E, Rasayani East",,Yes,Yes,1128
Virar,5,"947, Road B, Virar East",,Yes,No,1233
Kamothe,4,"346, Road E, Kamothe East",,Yes,No,558
Malad East,5,"461, Road D, Malad East East",,Yes,No,402
Bhandup East,4,"594, Road A, Bhandup East East",,No,Yes,1292
Bhandup East,3,"526, Road A, Bhandup East East",,Yes,No,1890
Agripada,5,"286, Road D, Agripada East",,No,Yes,1068
Agripada,4,"699, Road B, Agripada East",,Yes,Yes,1424
Byculla,3,"953, Road E, Byculla East",,Yes,Yes,1521
Palava,2,"185, Road D, Palava East",,Yes,Yes,1112
Kamothe,4,"236, Road E, Kamothe East",,Yes,Yes,525
Bandra West,2,"173, Road D, Bandra West East",,Yes,No,1242
Nala Sopara,2,"712, Road D, Nala Sopara East",,Yes,Yes,762
Worli,1,"611, Road D, Worli East",,Yes,Yes,536
Sion,5,"354, Road C, Sion East",,Yes,Yes,1349
Khar,4,"827, Road B, Khar East",,No,No,1444
Jogeshwari West,2,"863, Road B, Jogeshwari West East",,Yes,No,805
Nilje Gaon,1,"666, Road C, Nilje Gaon East",,No,No,1505
Ulhasnagar,3,"889, Road E, Ulhasnagar East",,Yes,No,1113
Mahim,4,"254, Road A, Mahim East",,No,No,1066
Usarghar Gaon,2,"448, Road C, Usarghar Gaon East",,Yes,No,933
Girgaon,5,"975, Road E, Girgaon East",,Yes,No,1866
Karjat,1,"272, Road B, Karjat East",,Yes,Yes,1638
Sewri,2,"839, Road A, Sewri East",,No,Yes,1290
Nahur East,5,"537, Road C, Nahur East East",,No,No,917
Girgaon,2,"645, Road C, Girgaon East",,No,Yes,572
Juhu,4,"228, Road A, Juhu East",,No,Yes,531
Khar,4,"704, Road A, Khar East",,Yes,No,1743
Seawoods,4,"934, Road D, Seawoods East",,Yes,Yes,1067
Lower Parel,1,"503, Road E, Lower Parel East",,Yes,Yes,1765
Kalyan East,4,"705, Road C, Kalyan East East",,No,No,795
Prabhadevi,5,"710, Road A, Prabhadevi East",,Yes,Yes,1347
Naigaon East,2,"458, Road C, Naigaon East East",,No,No,1432
Khar,3,"957, Road A, Khar East",,No,No,801
Shil Phata,5,"373, Road E, Shil Phata East",,No,Yes,324
Palava,5,"215, Road E, Palava East",,No,Yes,1510
Wada,4,"792, Road C, Wada East",,No,Yes,587
Kalamboli,1,"181, Road D, Kalamboli East",,Yes,No,1951
Ville Parle East,2,"213, Road A, Ville Parle East East",,No,No,637
Santacruz East,1,"157, Road B, Santacruz East East",,No,No,1360
Ambernath West,2,"976, Road D, Ambernath West East",,Yes,Yes,436
Navade,2,"727, Road B, Navade East",,No,Yes,807
Dombivali,1,"414, Road C, Dombivali East",,No,No,526
Ulhasnagar,5,"140, Road A, Ulhasnagar East",,Yes,Yes,619
Thane East,2,"989, Road A, Thane East East",,Yes,Yes,1215
Mulund East,1,"500, Road B, Mulund East East",,Yes,No,1505
Dadar West,2,"848, Road A, Dadar West East",,No,No,385
Kalyan West,3,"832, Road D, Kalyan West East",,Yes,Yes,1790
Badlapur East,5,"808, Road C, Badlapur East East",,Yes,No,1225
Dadar East,4,"923, Road C, Dadar East East",,Yes,Yes,352
Wadala,2,"760, Road C, Wadala East",,No,No,1159
Cuffe Parade,3,"687, Road B, Cuffe Parade East",,Yes,No,1166
Koproli,4,"982, Road C, Koproli East",,No,No,1558
Ulwe,4,"208, Road D, Ulwe East",,No,Yes,732
Nalasopara East,2,"298, Road B, Nalasopara East East",,Yes,Yes,1819
Worli,1,"651, Road E, Worli East",,No,No,1298
Mahim,2,"504, Road D, Mahim East",,No,No,399
Vikhroli,3,"890, Road B, Vikhroli East",,Yes,No,1289
Karjat,4,"183, Road B, Karjat East",,No,Yes,898
Bandra Kurla Complex,2,"727, Road E, Bandra Kurla Complex East",,Yes,No,702
LBS Marg,1,"320, Road A, LBS Marg East",,No,No,695
Girgaon,2,"467, Road C, Girgaon East",,No,No,1850
Powai,5,"211, Road D, Powai East",,Yes,No,714
Agripada,1,"593, Road A, Agripada East",,Yes,Yes,1238
Mazgaon,3,"574, Road D, Mazgaon East",,No,Yes,1936
Ghatkopar West,4,"989, Road C, Ghatkopar West East",,No,No,976
Jogeshwari East,2,"520, Road A, Jogeshwari East East",,Yes,Yes,762
Vikhroli,1,"806, Road C, Vikhroli East",,No,Yes,840
Kasheli,5,"139, Road E, Kasheli East",,No,Yes,1949
Mazgaon,1,"263, Road B, Mazgaon East",,No,No,1942
Thane West,5,"635, Road B, Thane West East",,No,Yes,1687
Bhandup East,3,"103, Road C, Bhandup East East",,Yes,Yes,1453
Koproli,4,"389, Road A, Koproli East",,Yes,Yes,383
Ambernath East,3,"532, Road E, Ambernath East East",,Yes,No,570
LBS Marg,2,"347, Road D, LBS Marg East",,Yes,No,543
Usarghar Gaon,1,"378, Road E, Usarghar Gaon East",,Yes,Yes,687
Khar West,5,"680, Road E, Khar West East",,Yes,Yes,513
Diva,5,"929, Road A, Diva East",,No,No,1117
Badlapur East,1,"924, Road E, Badlapur East East",,Yes,No,1489
Sion,1,"860, Road D, Sion East",,No,Yes,358
Boisar,2,"665, Road E, Boisar East",,No,Yes,1925
Jogeshwari East,3,"924, Road B, Jogeshwari East East",,No,No,1182
Byculla,5,"779, Road E, Byculla East",,Yes,No,1142
Ulwe,2,"416, Road D, Ulwe East",,No,Yes,1223
Umroli,3,"614, Road C, Umroli East",,Yes,No,1827
Kasheli,2,"441, Road D, Kasheli East",,No,Yes,422
Bhandup West,5,"943, Road C, Bhandup West East",,No,Yes,1971
Girgaon,1,"610, Road D, Girgaon East",,Yes,Yes,1736
Khopoli,1,"850, Road A, Khopoli East",,No,No,1462
Jogeshwari West,3,"442, Road B, Jogeshwari West East",,No,Yes,1552
Virar,4,"405, Road E, Virar East",,No,Yes,1597
Sanpada,3,"636, Road C, Sanpada East",,No,No,738
Lower Parel,4,"305, Road A, Lower Parel East",,Yes,No,1321
Madanpura,2,"481, Road C, Madanpura East",,No,Yes,861
Vasind,2,"146, Road D, Vasind East",,No,Yes,417
Madanpura,5,"650, Road E, Madanpura East",,Yes,No,1204
Kamathipura,4,"409, Road E, Kamathipura East",,No,No,1806
Palava,5,"852, Road C, Palava East",,No,No,694
Deonar,1,"898, Road B, Deonar East",,No,Yes,1175
Kalamboli,4,"301, Road C, Kalamboli East",,No,Yes,1783
Dadar East,3,"261, Road A, Dadar East East",,Yes,Yes,1234
Mazgaon,1,"750, Road B, Mazgaon East",,No,No,1401
Goregaon West,1,"825, Road A, Goregaon West East",,Yes,Yes,1251
Bhandup West,3,"884, Road D, Bhandup West East",,No,No,1735
Ghatkopar East,1,"659, Road D, Ghatkopar East East",,No,Yes,374
Boisar,4,"210, Road A, Boisar East",,No,No,594
Bhayandar West,5,"734, Road E, Bhayandar West East",,Yes,Yes,320
Mazagaon,1,"968, Road A, Mazagaon East",,No,Yes,1494
Vasai,4,"932, Road A, Vasai East",,No,No,1338
Bhayandar East,2,"662, Road D, Bhayandar East East",,Yes,No,1534
Wadala,4,"180, Road A, Wadala East",,Yes,Yes,859
Kasheli,5,"994, Road B, Kasheli East",,Yes,No,1409
Sewri,4,"203, Road C, Sewri East",,Yes,No,1472
Borivali East,3,"297, Road A, Borivali East East",,No,Yes,671
Byculla,5,"506, Road B, Byculla East",,No,No,1803
Andheri West,2,"266, Road E, Andheri West East",,No,Yes,1117
Matunga,3,"737, Road A, Matunga East",,No,Yes,1474
Shahapur,4,"692, Road B, Shahapur East",,Yes,No,1464
Bhayandar East,5,"862, Road A, Bhayandar East East",,No,No,1392
Ghatkopar East,2,"576, Road A, Ghatkopar East East",,No,Yes,1583
Mira Road East,3,"240, Road D, Mira Road East East",,No,Yes,1145
Peddar Road,2,"407, Road E, Peddar Road East",,No,Yes,820
Vichumbe,4,"614, Road A, Vichumbe East",,Yes,Yes,1956
Bhayandar East,2,"674, Road A, Bhayandar East East",,No,Yes,670
Nala Sopara,1,"175, Road E, Nala Sopara East",,No,Yes,1742
Nalasopara East,3,"282, Road A, Nalasopara East East",,No,No,400
Dadar West,2,"948, Road C, Dadar West East",,Yes,No,960
Kasheli,4,"573, Road D, Kasheli East",,Yes,No,1981
Malad West,4,"643, Road D, Malad West East",,No,Yes,1267
Khar,2,"468, Road C, Khar East",,No,No,542
Bhayandar East,4,"142, Road D, Bhayandar East East",,No,Yes,1052
Ghatkopar East,5,"518, Road B, Ghatkopar East East",,Yes,Yes,811
Vikhroli,5,"900, Road B, Vikhroli East",,No,No,1148
Dahisar,5,"800, Road D, Dahisar East",,No,Yes,854
Juhu,1,"827, Road C, Juhu East",,No,Yes,1418
Napeansea Road,2,"950, Road A, Napeansea Road East",,Yes,Yes,525
Ghatkopar West,1,"267, Road C, Ghatkopar West East",,No,Yes,1841
Dadar East,4,"292, Road E, Dadar East East",,No,Yes,513
Taloja,1,"382, Road E, Taloja East",,Yes,Yes,1017
Bhiwandi,4,"339, Road C, Bhiwandi East",,Yes,No,366
Seawoods,4,"758, Road D, Seawoods East",,No,Yes,695
Borivali West,3,"691, Road C, Borivali West East",,Yes,Yes,911
Panvel,5,"654, Road B, Panvel East",,No,Yes,1335
Wadala,4,"188, Road D, Wadala East",,Yes,Yes,1560
Bhayandar East,3,"194, Road D, Bhayandar East East",,Yes,No,1069
Rasayani,5,"527, Road B, Rasayani East",,No,No,1722
Vasai east,4,"475, Road C, Vasai east East",,No,Yes,706
Panvel,4,"412, Road E, Panvel East",,No,Yes,1224
Santacruz West,1,"939, Road C, Santacruz West East",,Yes,Yes,1803
Koproli,1,"725, Road C, Koproli East",,No,No,946
Vangani,5,"278, Road B, Vangani East",,No,No,521
Goregaon East,4,"599, Road D, Goregaon East East",,No,No,1479
